"Supplementary Table S5. (a) Genomic, epigenomic, and physical features of blobs in coarse-grained blob chain models of chromosomes from ES cells (ES cell model).",,,,,,
Blob index,Genome region (bp),Epigenomic attribution,Radius (_m),Coordinate of basic structure x y z (_m),,
chr. 1-1,0-4360000,B,0.35483,0.073382,0.322072,0.780715
chr. 1-2,4360000-4800000,B,0.305744,0.507118,0.299362,0.452968
chr. 1-3,4800000-5160000,M,0.258896,0.82894,-0.018995,0.487814
chr. 1-4,5160000-6960000,B,0.426045,0.719705,-0.18127,0.080951
chr. 1-5,6960000-7360000,M,0.171594,0.529317,0.378053,-0.131932
chr. 1-6,7360000-9600000,B,0.381557,0.218156,0.480516,-0.456221
chr. 1-7,9600000-10200000,A,0.308703,-0.256517,0.724243,-0.780716
chr. 1-8,10200000-10760000,B,0.344665,-0.415014,0.806307,-0.279597
chr. 1-9,10760000-11600000,M,0.300119,-0.288696,1.118568,0.016189
chr. 1-10,11600000-12880000,B,0.347924,0.253568,1.052281,-0.112197
chr. 1-11,12880000-13720000,A,0.313336,0.767492,0.619192,-0.311227
chr. 1-12,13720000-14120000,B,0.311413,0.838199,0.235879,-0.788957
chr. 1-13,14120000-14720000,M,0.335509,0.773285,0.210167,-0.899322
chr. 1-14,14720000-15040000,B,0.2378,0.379384,0.316483,-0.994215
chr. 1-15,15040000-16480000,M,0.399642,0.027062,0.079287,-1.171502
chr. 1-16,16480000-20600000,B,0.616868,-0.090027,-0.628578,-0.681259
chr. 1-17,20600000-21400000,M,0.350601,0.079179,-0.834011,0.218009
chr. 1-18,21400000-26920000,B,0.731453,-0.836934,-0.462459,0.108163
chr. 1-19,26920000-33720000,B,0.7365,-0.365097,0.194746,-0.636048
chr. 1-20,33720000-36840000,A,0.596624,0.719006,-0.508441,-0.109468
chr. 1-21,36840000-40120000,A,0.608737,0.421751,0.11708,0.806231
chr. 1-22,40120000-40560000,M,0.356081,-0.512596,0.036164,0.928944
chr. 1-23,40560000-42840000,B,0.432302,-0.532603,-0.616992,0.90921
chr. 1-24,42840000-43200000,A,0.296533,-0.78424,-0.849404,0.651004
chr. 1-25,43200000-43800000,M,0.356424,-0.988156,-0.747363,0.382117
chr. 1-26,43800000-44240000,A,0.282209,-0.840099,-0.912519,-0.033254
chr. 1-27,44240000-48520000,B,0.663624,0.108632,-0.727095,0.332069
chr. 1-28,48520000-51720000,B,0.526924,0.2859,0.390826,0.688129
chr. 1-29,51720000-52320000,A,0.325137,-0.562464,0.734961,0.816142
chr. 1-30,52320000-53120000,M,0.37027,-0.794816,0.368395,0.736025
chr. 1-31,53120000-53440000,A,0.289616,-0.788634,-0.086089,0.801185
chr. 1-32,53440000-54040000,B,0.362158,-0.762427,-0.251719,0.531502
chr. 1-33,54040000-55440000,A,0.433151,-1.16574,0.155192,0.142064
chr. 1-34,55440000-57440000,B,0.433193,-1.109125,-0.248898,-0.61301
chr. 1-35,57440000-61040000,A,0.659423,-0.619879,0.653657,-0.283727
chr. 1-36,61040000-63120000,B,0.399217,0.29379,1.041807,0.241629
chr. 1-37,63120000-65360000,A,0.4675,0.127649,0.778658,-0.731042
chr. 1-38,65360000-69240000,B,0.603445,0.820447,-0.117762,-0.643783
chr. 1-39,69240000-72240000,B,0.531197,0.575366,-1.027294,-0.237067
chr. 1-40,72240000-75640000,A,0.693337,-0.105372,-0.18535,-0.801188
chr. 1-41,75640000-77960000,B,0.43135,1.054238,0.304279,0.257036
chr. 1-42,77960000-78840000,M,0.371892,1.111657,-0.444221,0.258385
chr. 1-43,78840000-80160000,B,0.366929,0.744451,-0.691486,0.619329
chr. 1-44,80160000-80520000,A,0.290543,0.662655,-0.414594,1.022901
chr. 1-45,80520000-82720000,B,0.433219,-0.029588,-0.701871,0.977305
chr. 1-46,82720000-83120000,M,0.325153,-0.007299,0.000666,1.148047
chr. 1-47,83120000-84600000,B,0.417568,-0.41162,0.218143,0.911543
chr. 1-48,84600000-88000000,B,0.489943,0.080325,0.139746,0.314504
chr. 1-49,88000000-92520000,A,0.647333,-0.257598,-0.943909,0.229815
chr. 1-50,92520000-95720000,A,0.664689,0.387926,-0.76541,-0.442013
chr. 1-51,95720000-100120000,B,0.65334,-0.920235,-0.116283,-0.151716
chr. 1-52,100120000-107560000,B,0.741807,-0.009139,0.523311,0.505546
chr. 1-53,107560000-108360000,A,0.353493,0.481869,1.001999,-0.271073
chr. 1-54,108360000-113560000,B,0.65471,0.374432,0.012355,-0.806699
chr. 1-55,113560000-119480000,B,0.710372,0.041113,-0.870016,-0.074061
chr. 1-56,119480000-120200000,B,0.321182,0.301585,-0.062421,0.095072
chr. 1-57,120200000-122480000,A,0.575058,0.617135,-0.121298,-0.707158
chr. 1-58,122480000-123120000,B,0.320793,-0.037325,-0.827665,-0.945796
chr. 1-59,123120000-123480000,A,0.316661,-0.257192,-0.635184,-1.032767
chr. 1-60,123480000-128960000,B,0.659935,-0.693684,0.0698,-0.656364
chr. 1-61,128960000-130200000,A,0.416593,-0.767658,-0.967277,-0.2123
chr. 1-62,130200000-130760000,M,0.282659,-1.024469,-0.809934,0.361397
chr. 1-63,130760000-132360000,B,0.392632,-0.973121,-0.11986,0.596903
chr. 1-64,132360000-133000000,M,0.344246,-0.538992,-0.681997,0.815331
chr. 1-65,133000000-136240000,A,0.757828,0.466029,0.028713,0.622465
chr. 1-66,136240000-139160000,A,0.613541,-0.515131,0.610552,0.480061
chr. 1-67,139160000-142600000,B,0.626355,-0.203376,0.903232,-0.277798
chr. 1-68,142600000-152880000,B,0.824698,0.279016,-0.247613,0.384817
chr. 1-69,152880000-153280000,M,0.337959,0.155117,0.004765,1.013714
chr. 1-70,153280000-156120000,A,0.602306,-0.805175,0.019654,0.663413
chr. 1-71,156120000-156560000,M,0.269754,-0.832646,0.835748,0.172919
chr. 1-72,156560000-159480000,A,0.612732,-0.856326,0.255435,-0.560602
chr. 1-73,159480000-162720000,B,0.562508,0.032573,1.057318,-0.45395
chr. 1-74,162720000-163280000,A,0.320137,0.862087,0.532786,-0.250872
chr. 1-75,163280000-163680000,B,0.304486,0.704493,0.670513,-0.718377
chr. 1-76,163680000-163960000,A,0.269384,0.758175,0.560092,-0.820391
chr. 1-77,163960000-164320000,B,0.227942,0.51571,0.587015,-1.12293
chr. 1-78,164320000-164720000,M,0.322216,0.625122,0.247032,-0.868427
chr. 1-79,164720000-165840000,B,0.313107,0.349086,-0.059821,-1.133778
chr. 1-80,165840000-168400000,A,0.578522,0.528372,-0.677458,-0.577602
chr. 1-81,168400000-169280000,B,0.360245,-0.038532,-0.577867,-0.751488
chr. 1-82,169280000-170000000,M,0.357443,-0.26254,-0.1903,-0.861622
chr. 1-83,170000000-171880000,B,0.4168,-0.772039,-0.080587,-0.877458
chr. 1-84,171880000-174640000,A,0.673315,-0.695772,-0.480692,0.126726
chr. 1-85,174640000-179200000,B,0.626428,-0.703038,0.703194,0.304987
chr. 1-86,179200000-182760000,A,0.663736,0.114127,0.637022,-0.219336
chr. 1-87,182760000-187400000,A,0.708619,-0.405137,-0.681781,-0.151047
chr. 1-88,187400000-187880000,M,0.299014,0.315528,-0.72328,0.652482
chr. 1-89,187880000-189240000,A,0.399302,0.006394,-0.60648,0.954408
chr. 1-90,189240000-190760000,B,0.385607,-0.061297,0.046967,1.101904
chr. 1-91,190760000-191480000,M,0.304505,0.278758,0.473097,0.937354
chr. 1-92,191480000-195000000,A,0.596408,0.801701,-0.272463,0.363684
chr. 1-93,195000000-195600000,M,0.347622,1.043374,0.111797,-0.192445
chr. 1-94,195600000-197200000,B,0.430426,0.856993,0.50688,-0.169309
chr. 2-1,0-3400000,B,0.348216,0.779045,0.228358,0.251392
chr. 2-2,3400000-4400000,M,0.336176,0.912724,0.207854,0.63078
chr. 2-3,4400000-5840000,A,0.429281,0.475953,-0.385781,0.847739
chr. 2-4,5840000-6440000,M,0.311709,0.880799,-0.78338,0.24236
chr. 2-5,6440000-14280000,B,0.749474,0.784966,-0.081556,-0.586954
chr. 2-6,14280000-17760000,B,0.538934,-0.505694,-0.108493,-0.825031
chr. 2-7,17760000-18200000,A,0.349629,-0.642047,-0.409482,-0.006926
chr. 2-8,18200000-19320000,M,0.344489,-0.502341,-0.937152,-0.195849
chr. 2-9,19320000-20320000,B,0.330765,0.078995,-1.061614,-0.627928
chr. 2-10,20320000-20760000,A,0.307026,0.443157,-0.89845,-0.668478
chr. 2-11,20760000-21200000,M,0.336548,0.441327,-1.155626,-0.172357
chr. 2-12,21200000-22760000,B,0.424886,0.50774,-0.846251,0.231002
chr. 2-13,22760000-23080000,M,0.24329,-0.013243,-0.89802,0.507472
chr. 2-14,23080000-24120000,B,0.363025,-0.441217,-0.780993,0.371679
chr. 2-15,24120000-24680000,M,0.295443,-0.314963,-0.612865,0.910629
chr. 2-16,24680000-28400000,A,0.639504,-0.298601,0.745913,0.290775
chr. 2-17,28400000-29560000,A,0.373808,0.330238,1.074771,-0.588111
chr. 2-18,29560000-29920000,A,0.246764,0.195335,0.359472,-0.995282
chr. 2-19,29920000-33320000,A,0.637654,0.586932,0.468287,-0.347976
chr. 2-20,33320000-35800000,A,0.556134,-0.543972,0.344447,-0.857563
chr. 2-21,35800000-36160000,M,0.35218,-0.124252,-0.50881,-0.77027
chr. 2-22,36160000-37240000,B,0.393539,0.084726,-0.538262,-0.3012
chr. 2-23,37240000-38880000,A,0.422894,-1.049091,-0.467565,-0.326242
chr. 2-24,38880000-43520000,B,0.609749,-0.734989,-0.051647,0.497071
chr. 2-25,43520000-50160000,B,0.743265,0.346212,-0.080738,0.938456
chr. 2-26,50160000-50720000,B,0.31009,-0.545461,0.489514,1.141813
chr. 2-27,50720000-51120000,A,0.31338,-0.868054,0.457402,1.035264
chr. 2-28,51120000-51800000,B,0.339465,-0.874114,0.641473,0.843935
chr. 2-29,51800000-53080000,A,0.426251,-0.648315,1.004786,0.196868
chr. 2-30,53080000-58920000,B,0.688312,0.321605,1.002566,0.39097
chr. 2-31,58920000-59360000,M,0.341937,-0.45611,0.577238,0.906651
chr. 2-32,59360000-60280000,A,0.383379,-0.677648,-0.091806,0.718406
chr. 2-33,60280000-66000000,B,0.695495,-0.72258,0.759697,-0.42705
chr. 2-34,66000000-69440000,B,0.549963,0.54869,0.853023,-0.75108
chr. 2-35,69440000-73320000,A,0.675449,0.231938,-0.778639,-0.53218
chr. 2-36,73320000-77200000,A,0.654046,0.246846,-0.061483,-1.202296
chr. 2-37,77200000-80160000,B,0.524181,1.321046,0.420816,-0.17227
chr. 2-38,80160000-84280000,B,0.625735,0.398828,0.968101,0.096693
chr. 2-39,84280000-84720000,M,0.2964,0.39709,0.753258,-1.03947
chr. 2-40,84720000-90600000,B,0.774868,-0.43904,0.209625,-0.060902
chr. 2-41,90600000-94280000,A,0.604957,1.032747,0.437008,0.191943
chr. 2-42,94280000-103280000,B,0.809249,0.34706,-0.39711,0.561844
chr. 2-43,103280000-105160000,A,0.523298,0.667322,-0.760509,0.371601
chr. 2-44,105160000-109240000,B,0.646315,0.757924,-0.47044,-0.69974
chr. 2-45,109240000-110920000,B,0.488071,-0.355889,-0.667291,-0.729178
chr. 2-46,110920000-113160000,B,0.602434,0.252609,-0.535194,-0.426933
chr. 2-47,113160000-113680000,B,0.309056,0.10438,-1.206326,0.024356
chr. 2-48,113680000-115320000,B,0.460121,-0.712326,-0.747391,-0.181369
chr. 2-49,115320000-118080000,B,0.556912,-0.446174,-0.84445,0.532524
chr. 2-50,118080000-121880000,A,0.787149,0.107541,0.658219,0.559238
chr. 2-51,121880000-125400000,B,0.585868,0.191427,0.059592,-1.037898
chr. 2-52,125400000-125760000,M,0.343069,-0.487338,0.542555,-0.972081
chr. 2-53,125760000-126440000,B,0.358239,-0.631628,0.315639,-0.813786
chr. 2-54,126440000-132120000,A,0.7965,-0.893774,0.033985,0.081436
chr. 2-55,132120000-136720000,B,0.658249,-0.528339,1.059014,0.109956
chr. 2-56,136720000-143680000,B,0.781717,0.843888,0.429211,0.437588
chr. 2-57,143680000-144440000,M,0.439111,0.133975,-0.193931,0.990249
chr. 2-58,144440000-145760000,B,0.383877,0.326398,0.536755,1.152789
chr. 2-59,145760000-147200000,M,0.384795,-0.442178,0.823138,1.026451
chr. 2-60,147200000-150360000,B,0.606035,-0.661785,0.015069,0.534435
chr. 2-61,150360000-150880000,M,0.375594,-0.727863,0.601274,-0.196436
chr. 2-62,150880000-151320000,B,0.23287,-0.082881,0.323598,0.075333
chr. 2-63,151320000-156120000,A,0.839075,0.114629,-0.001639,0.48133
chr. 2-64,156120000-158720000,A,0.573466,-0.487399,-0.285082,-0.594983
chr. 2-65,158720000-160440000,B,0.385696,-0.092739,0.798032,-0.856875
chr. 2-66,160440000-160880000,M,0.312919,0.006713,0.986509,-0.398667
chr. 2-67,160880000-162760000,B,0.406569,0.711512,0.854338,-0.499148
chr. 2-68,162760000-165240000,A,0.494195,0.587349,-0.090952,-0.651089
chr. 2-69,165240000-168480000,A,0.598634,0.790487,-0.103752,0.358801
chr. 2-70,168480000-168880000,A,0.326931,0.708692,-0.492447,-0.279279
chr. 2-71,168880000-172960000,A,0.613469,-0.040432,-1.021173,-0.19028
chr. 2-72,172960000-174160000,A,0.361764,0.062689,-0.683035,0.916081
chr. 2-73,174160000-178160000,M,0.594428,-0.36739,-0.329442,0.453898
chr. 2-74,178160000-181760000,A,0.648448,-0.701667,0.32824,0.073351
chr. 3-1,0-3400000,B,0.303541,0.241954,0.091402,0.50918
chr. 3-2,3400000-8560000,B,0.572798,0.714568,-0.222444,0.102513
chr. 3-3,8560000-10360000,A,0.4924,0.889922,0.652492,-0.071893
chr. 3-4,10360000-15960000,B,0.682462,0.144029,0.527823,-0.40001
chr. 3-5,15960000-16040000,A,0.266234,-0.565039,0.903958,0.27958
chr. 3-6,16040000-19840000,B,0.652952,-0.851557,0.174925,-0.236497
chr. 3-7,19840000-20120000,M,0.244363,-0.763009,-0.923879,-0.309455
chr. 3-8,20120000-21760000,B,0.434167,-0.40146,-1.002257,0.278941
chr. 3-9,21760000-22200000,A,0.343046,-0.610293,-0.908279,0.542993
chr. 3-10,22200000-26920000,B,0.647069,-0.60124,-0.138306,0.672523
chr. 3-11,26920000-28920000,A,0.484673,-0.669111,0.086633,-0.699188
chr. 3-12,28920000-29680000,B,0.284145,-0.850339,-0.747942,-0.649931
chr. 3-13,29680000-30440000,M,0.335566,-0.505333,-0.857661,-0.938482
chr. 3-14,30440000-31680000,A,0.454544,-0.046755,-0.177514,-1.052561
chr. 3-15,31680000-32200000,M,0.327561,0.526367,0.022624,-0.904294
chr. 3-16,32200000-32800000,A,0.377532,0.393836,-0.151052,-1.082383
chr. 3-17,32800000-33720000,B,0.348539,0.082651,-0.763075,-0.923631
chr. 3-18,33720000-34120000,A,0.318277,0.545734,-0.892373,-0.84164
chr. 3-19,34120000-34520000,M,0.320876,0.637011,-1.123768,-0.723721
chr. 3-20,34520000-38160000,A,0.660166,0.495018,-1.036438,-0.035788
chr. 3-21,38160000-40400000,B,0.448475,-0.15103,-0.700921,0.991079
chr. 3-22,40400000-40880000,A,0.342024,-0.642649,-0.612671,0.407142
chr. 3-23,40880000-41560000,M,0.367386,-0.674422,-0.821611,0.044542
chr. 3-24,41560000-51000000,B,0.872238,0.602047,-0.290863,0.3379
chr. 3-25,51000000-54080000,A,0.519187,-0.39399,0.275888,0.886386
chr. 3-26,54080000-54560000,M,0.359239,-0.74289,0.608147,0.415332
chr. 3-27,54560000-55000000,A,0.323279,-0.913982,0.739833,0.194794
chr. 3-28,55000000-55760000,M,0.339211,-0.872698,0.534481,-0.198427
chr. 3-29,55760000-57080000,B,0.407509,-0.609466,0.381148,-0.615063
chr. 3-30,57080000-57640000,A,0.34521,-0.304608,0.892905,-0.453883
chr. 3-31,57640000-58880000,M,0.43492,0.181972,1.033261,-0.242363
chr. 3-32,58880000-62360000,B,0.597426,0.209912,0.985001,0.400012
chr. 3-33,62360000-65160000,B,0.53924,0.113596,0.632948,-0.691561
chr. 3-34,65160000-65800000,A,0.343785,0.829622,0.379702,-0.899502
chr. 3-35,65800000-67160000,B,0.381334,0.961907,0.861675,-0.374713
chr. 3-36,67160000-67440000,A,0.284066,1.033129,0.717594,0.112947
chr. 3-37,67440000-67880000,B,0.281978,1.270379,0.544848,-0.027863
chr. 3-38,67880000-68440000,M,0.336986,1.178872,0.404704,0.416814
chr. 3-39,68440000-69840000,A,0.470154,1.24266,-0.164582,-0.072723
chr. 3-40,69840000-78760000,B,0.85724,0.747815,-0.446923,-0.134026
chr. 3-41,78760000-79400000,A,0.300147,0.344817,-0.670541,1.057332
chr. 3-42,79400000-80720000,B,0.433239,0.429313,0.245684,1.070531
chr. 3-43,80720000-81160000,M,0.302293,0.232326,0.814165,0.801901
chr. 3-44,81160000-82680000,B,0.491669,-0.045039,0.385281,1.153033
chr. 3-45,82680000-83120000,M,0.341022,-0.508585,0.171644,1.054472
chr. 3-46,83120000-83600000,B,0.298013,-0.703695,0.53543,0.954154
chr. 3-47,83600000-85440000,A,0.446005,-0.9455,-0.092167,0.379096
chr. 3-48,85440000-87680000,A,0.540611,-0.436405,-0.851968,0.630301
chr. 3-49,87680000-90360000,A,0.673863,-0.187728,0.149252,0.087622
chr. 3-50,90360000-92880000,B,0.54388,-0.299361,0.083306,-0.498971
chr. 3-51,92880000-94280000,M,0.531536,-0.491091,-0.284333,-0.088817
chr. 3-52,94280000-98720000,A,0.748575,0.216742,-0.750362,-0.120241
chr. 3-53,98720000-99920000,B,0.390619,-0.553458,-0.849963,0.362957
chr. 3-54,99920000-102800000,A,0.602359,0.507703,-0.913919,0.740152
chr. 3-55,102800000-105840000,A,0.578918,0.480291,0.142591,1.012829
chr. 3-56,105840000-107000000,B,0.409665,0.869283,-0.562544,0.684722
chr. 3-57,107000000-108880000,A,0.499776,1.160521,0.160325,0.176134
chr. 3-58,108880000-115320000,B,0.737566,0.601214,-0.710689,-0.43196
chr. 3-59,115320000-115720000,A,0.341146,-0.390927,-0.874936,0.129955
chr. 3-60,115720000-116040000,M,0.296695,-0.542253,-0.962523,-0.275486
chr. 3-61,116040000-116600000,A,0.360831,-0.736334,-0.563119,-0.394977
chr. 3-62,116600000-118680000,B,0.480868,-0.124606,-0.645228,-0.94645
chr. 3-63,118680000-119000000,M,0.271719,0.359775,-0.273487,-1.293756
chr. 3-64,119000000-120880000,B,0.40882,-0.069483,0.103079,-1.089257
chr. 3-65,120880000-123200000,A,0.493639,0.690225,0.4627,-0.747017
chr. 3-66,123200000-126160000,B,0.524335,0.680867,0.532145,0.120142
chr. 3-67,126160000-126240000,M,0.334162,0.424462,1.0384,-0.068513
chr. 3-68,126240000-126640000,B,0.287801,0.155932,1.126356,-0.071555
chr. 3-69,126640000-127720000,A,0.45715,-0.127635,0.789443,-0.225398
chr. 3-70,127720000-128960000,B,0.403577,-0.635703,0.627621,-0.45663
chr. 3-71,128960000-129840000,A,0.362714,-0.246817,0.420175,-0.961213
chr. 3-72,129840000-130400000,B,0.305369,-0.743842,0.114243,-0.87443
chr. 3-73,130400000-131320000,A,0.397206,-0.441955,-0.350176,-0.766456
chr. 3-74,131320000-132360000,B,0.35005,-0.979976,-0.248811,-0.25789
chr. 3-75,132360000-133400000,M,0.393491,-0.948027,-0.133667,0.323561
chr. 3-76,133400000-134880000,B,0.428659,-0.582312,0.216533,0.631532
chr. 3-77,134880000-135520000,A,0.365625,-0.630517,0.757509,0.062092
chr. 3-78,135520000-136240000,B,0.308759,-0.386967,1.060334,-0.197864
chr. 3-79,136240000-136640000,M,0.322913,-0.098921,1.144474,-0.323101
chr. 3-80,136640000-137440000,B,0.355291,0.25943,0.988094,-0.18212
chr. 3-81,137440000-138640000,A,0.411354,0.112962,0.888015,0.533236
chr. 3-82,138640000-138920000,M,0.286666,-0.399534,0.761573,0.434988
chr. 3-83,138920000-141880000,B,0.534836,-0.656293,0.142579,0.545476
chr. 3-84,141880000-142320000,M,0.28009,-0.072496,0.411048,1.010918
chr. 3-85,142320000-144040000,B,0.401934,0.38589,0.033093,0.940381
chr. 3-86,144040000-144440000,A,0.323186,0.61641,-0.484936,0.685499
chr. 3-87,144440000-144840000,B,0.338479,0.486854,-0.695906,0.603711
chr. 3-88,144840000-146640000,A,0.470709,-0.277865,-0.502902,0.799701
chr. 3-89,146640000-148360000,B,0.406924,-0.399994,-0.90069,0.276865
chr. 3-90,148360000-149280000,M,0.36818,-0.520584,-0.671091,-0.221759
chr. 3-91,149280000-151360000,B,0.410071,0.224532,-0.785174,-0.339654
chr. 3-92,151360000-151800000,M,0.298723,-0.040201,-0.085954,-0.585148
chr. 3-93,151800000-154280000,A,0.57534,0.241462,0.467742,0.302028
chr. 3-94,154280000-156840000,B,0.476684,0.898145,-0.390835,0.405834
chr. 3-95,156840000-157200000,M,0.298848,1.198875,-0.271818,-0.114759
chr. 3-96,157200000-159600000,B,0.462176,0.772943,0.285478,-0.450815
chr. 4-1,0-3440000,B,0.222097,0.029008,-0.187804,0.035596
chr. 4-2,3440000-3880000,M,0.420671,0.101486,-0.254002,0.620725
chr. 4-3,3880000-8320000,B,0.660166,0.799379,-0.715266,0.261147
chr. 4-4,8320000-8600000,A,0.252089,1.051161,-0.039434,0.044583
chr. 4-5,8600000-9080000,M,0.269252,1.159544,0.218861,-0.185882
chr. 4-6,9080000-10800000,B,0.453663,0.771788,0.551398,-0.039206
chr. 4-7,10800000-11560000,A,0.37528,0.485334,0.524702,-0.808942
chr. 4-8,11560000-16840000,B,0.706609,0.351131,-0.375577,-1.0902
chr. 4-9,16840000-17320000,B,0.289668,-0.646391,0.270148,-0.849385
chr. 4-10,17320000-23400000,B,0.766648,-0.767884,-0.672612,-0.291824
chr. 4-11,23400000-32080000,B,0.804119,-0.555623,0.496143,-0.105295
chr. 4-12,32080000-32680000,M,0.306471,-0.443048,-0.078121,-1.248376
chr. 4-13,32680000-33440000,A,0.343801,-0.087165,-0.500523,-1.228531
chr. 4-14,33440000-34440000,B,0.378933,-0.718354,-0.829872,-0.864828
chr. 4-15,34440000-34880000,A,0.363584,-0.653021,-1.046906,-0.52051
chr. 4-16,34880000-40640000,B,0.689821,-0.236113,-1.094489,0.321116
chr. 4-17,40640000-47440000,A,0.694204,0.538905,-0.7793,-0.277115
chr. 4-18,47440000-48040000,B,0.261418,1.19489,-0.333057,0.596767
chr. 4-19,48040000-48760000,M,0.401605,0.662267,-0.696319,0.780803
chr. 4-20,48760000-53040000,B,0.613386,0.161916,0.207181,0.880371
chr. 4-21,53040000-53680000,M,0.311488,-0.461893,-0.729669,0.757298
chr. 4-22,53680000-54880000,B,0.383265,-1.04107,-0.396345,0.462696
chr. 4-23,54880000-55320000,M,0.274832,-1.247076,-0.405066,0.024349
chr. 4-24,55320000-56760000,B,0.414236,-1.080657,0.207957,-0.110874
chr. 4-25,56760000-58000000,A,0.46229,-0.366401,0.853963,0.071347
chr. 4-26,58000000-58400000,M,0.33205,-0.232681,0.873814,0.645952
chr. 4-27,58400000-58960000,A,0.318994,0.079626,0.704457,0.800826
chr. 4-28,58960000-61880000,B,0.635885,0.238528,0.038721,0.556909
chr. 4-29,61880000-62480000,A,0.366281,0.647629,0.613916,0.405209
chr. 4-30,62480000-63000000,B,0.356561,0.457373,0.905224,-0.104365
chr. 4-31,63000000-66160000,B,0.589255,0.084683,0.634179,-0.773187
chr. 4-32,66160000-69880000,B,0.603633,1.033781,0.010618,-0.336152
chr. 4-33,69880000-74160000,B,0.643291,0.325254,-0.755449,-0.696389
chr. 4-34,74160000-77240000,B,0.551309,0.060767,0.434951,-1.005933
chr. 4-35,77240000-79320000,B,0.464956,0.918911,0.297146,-0.076241
chr. 4-36,79320000-81880000,B,0.521141,0.536966,0.761386,0.468257
chr. 4-37,81880000-82280000,M,0.250972,-0.224857,1.070556,0.559578
chr. 4-38,82280000-82840000,B,0.359324,-0.137009,1.120884,0.128301
chr. 4-39,82840000-83280000,A,0.358035,-0.396866,0.836089,-0.095001
chr. 4-40,83280000-84800000,B,0.375269,-0.885439,0.689142,-0.402852
chr. 4-41,84800000-85120000,M,0.365885,-1.061937,0.250595,-0.038702
chr. 4-42,85120000-86200000,B,0.353057,-1.12182,0.44754,0.40426
chr. 4-43,86200000-86600000,A,0.332666,-0.772228,-0.133281,0.347279
chr. 4-44,86600000-91200000,B,0.746086,-0.140581,-0.476126,0.902899
chr. 4-45,91200000-98360000,B,0.763832,-0.548775,-0.855363,-0.196175
chr. 4-46,98360000-99600000,A,0.460183,-0.734613,-0.369087,0.760242
chr. 4-47,99600000-100280000,B,0.286435,-0.406149,-0.171456,1.238927
chr. 4-48,100280000-100720000,M,0.35093,-0.194375,0.234483,0.837152
chr. 4-49,100720000-101000000,A,0.220104,-0.044886,0.342083,1.091743
chr. 4-50,101000000-101360000,M,0.324229,0.258135,0.347768,1.02586
chr. 4-51,101360000-105880000,B,0.633307,0.690228,-0.517158,0.905348
chr. 4-52,105880000-108360000,A,0.523836,0.818331,0.538411,-0.103645
chr. 4-53,108360000-115400000,B,0.743443,0.635106,-0.602489,-0.308737
chr. 4-54,115400000-116240000,A,0.418948,-0.216843,-0.189353,-0.989536
chr. 4-55,116240000-119000000,A,0.594929,-0.457402,0.580196,-0.125193
chr. 4-56,119000000-120640000,A,0.466871,0.183657,0.605357,-0.995326
chr. 4-57,120640000-122600000,B,0.456648,0.449913,-0.038018,-0.669098
chr. 4-58,122600000-124800000,A,0.601967,-0.071396,-0.328224,-1.091586
chr. 4-59,124800000-128840000,A,0.785385,-0.583424,-0.621555,-0.048347
chr. 4-60,128840000-129320000,A,0.28524,0.133811,-0.981309,-0.463259
chr. 4-61,129320000-132480000,A,0.653573,-0.743099,-0.4936,-0.086314
chr. 4-62,132480000-135880000,A,0.630534,0.226488,-0.03369,0.607425
chr. 4-63,135880000-138920000,A,0.586522,-0.181089,0.66207,-0.182077
chr. 4-64,138920000-141360000,A,0.612995,0.359965,-0.034537,-0.71314
chr. 4-65,141360000-141840000,A,0.318147,0.920814,0.354499,0.146193
chr. 4-66,141840000-144480000,B,0.561061,0.164048,0.509899,0.343077
chr. 4-67,144480000-150400000,A,0.765522,-0.121857,-0.699015,0.02285
chr. 4-68,150400000-154760000,A,0.648622,0.755429,-0.443641,-0.511651
chr. 4-69,154760000-155640000,A,0.386121,0.295771,-0.316624,0.578789
chr. 5-1,0-3720000,B,0.353038,0.343162,-0.291711,0.421433
chr. 5-2,3720000-4200000,M,0.296836,0.927737,-0.437677,0.423165
chr. 5-3,4200000-8480000,B,0.614997,0.953577,-0.076121,-0.529867
chr. 5-4,8480000-14920000,B,0.726915,0.298468,0.680228,0.284718
chr. 5-5,14920000-20320000,B,0.744646,-0.275407,-0.269823,-0.891694
chr. 5-6,20320000-21320000,A,0.419338,0.416876,-0.883351,-0.256099
chr. 5-7,21320000-22800000,B,0.404419,-0.211611,-1.132656,0.106451
chr. 5-8,22800000-24800000,A,0.527854,-0.773075,-0.316735,0.396461
chr. 5-9,24800000-27400000,M,0.532408,-0.904994,0.501617,-0.191911
chr. 5-10,27400000-28000000,B,0.29839,-0.776201,0.687204,-0.763366
chr. 5-11,28000000-28800000,A,0.357104,-1.0144,-0.037405,-0.669309
chr. 5-12,28800000-29680000,M,0.365968,-0.772186,-0.081783,-1.055849
chr. 5-13,29680000-35040000,A,0.787703,0.254229,0.133197,-0.843228
chr. 5-14,35040000-37640000,A,0.622009,0.566981,0.583416,0.330707
chr. 5-15,37640000-38160000,B,0.364497,-0.353128,0.832762,0.172782
chr. 5-16,38160000-38640000,A,0.348036,-0.609656,0.977323,0.259499
chr. 5-17,38640000-39160000,M,0.336133,-0.98379,0.545348,0.390108
chr. 5-18,39160000-44720000,B,0.763078,-0.74686,-0.542017,0.242198
chr. 5-19,44720000-48800000,B,0.597551,0.316958,-0.857737,0.410788
chr. 5-20,48800000-53680000,B,0.627227,0.446609,0.202188,0.892161
chr. 5-21,53680000-54120000,M,0.3069,-0.522804,0.795612,0.828303
chr. 5-22,54120000-59240000,B,0.684469,-0.6634,0.60421,0.112387
chr. 5-23,59240000-64760000,B,0.79049,0.026357,0.433937,-0.815834
chr. 5-24,64760000-65280000,M,0.308537,-1.067578,0.366016,-0.636477
chr. 5-25,65280000-67080000,A,0.562411,-0.198028,0.885436,-0.451
chr. 5-26,67080000-67680000,M,0.309032,0.764019,0.905625,-0.698643
chr. 5-27,67680000-73400000,B,0.742771,0.797377,-0.366765,-0.539083
chr. 5-28,73400000-77800000,A,0.71688,0.253262,0.156382,-1.138215
chr. 5-29,77800000-82840000,B,0.66614,0.558548,0.630159,0.258749
chr. 5-30,82840000-88920000,B,0.781356,-0.616343,0.271754,0.136576
chr. 5-31,88920000-89280000,A,0.28824,-0.247733,-0.644192,0.936601
chr. 5-32,89280000-92360000,B,0.602238,0.001374,-1.108212,0.168516
chr. 5-33,92360000-93440000,A,0.424542,0.813749,-0.75339,-0.363883
chr. 5-34,93440000-96760000,M,0.559976,0.135334,-0.414338,-0.657956
chr. 5-35,96760000-100360000,B,0.57868,-0.812025,-0.631411,-0.564012
chr. 5-36,100360000-101360000,A,0.437614,-0.287809,-1.043936,0.210588
chr. 5-37,101360000-102160000,B,0.345651,-0.436951,-0.5124,0.790087
chr. 5-38,102160000-102600000,A,0.342342,-0.003467,-0.497336,1.005764
chr. 5-39,102600000-103760000,B,0.405182,0.286788,-0.733798,0.933
chr. 5-40,103760000-104120000,M,0.372374,0.563263,-1.006116,0.552347
chr. 5-41,104120000-105400000,A,0.492963,0.707894,-0.651206,0.125521
chr. 5-42,105400000-105800000,B,0.327748,0.489048,-0.277609,0.339216
chr. 5-43,105800000-106360000,A,0.296975,0.763145,-0.228634,0.914914
chr. 5-44,106360000-106800000,M,0.337717,0.92084,-0.122543,0.816557
chr. 5-45,106800000-109240000,A,0.620813,0.995098,0.39188,0.213553
chr. 5-46,109240000-110000000,B,0.426195,0.126938,0.422101,-0.486614
chr. 5-47,110000000-110560000,M,0.309646,0.30989,0.176342,-0.887017
chr. 5-48,110560000-111800000,A,0.478101,1.055138,-0.296414,-0.418379
chr. 5-49,111800000-114240000,A,0.522896,0.217196,-0.777174,-0.292758
chr. 5-50,114240000-117040000,A,0.640811,0.075359,0.031074,0.635282
chr. 5-51,117040000-120600000,A,0.638435,0.392052,0.881934,-0.268955
chr. 5-52,120600000-122560000,A,0.520199,0.768599,-0.12114,-0.287571
chr. 5-53,122560000-125080000,A,0.544142,-0.218036,-0.357107,-0.775222
chr. 5-54,125080000-126040000,A,0.415792,-0.442144,-0.179811,0.241852
chr. 5-55,126040000-126920000,M,0.350052,-0.36739,0.673475,0.883221
chr. 5-56,126920000-127640000,B,0.355276,-0.526721,0.900325,0.663846
chr. 5-57,127640000-130840000,A,0.633498,-0.757829,0.672688,-0.213037
chr. 5-58,130840000-134600000,B,0.580358,-0.813876,-0.106746,0.778986
chr. 5-59,134600000-138680000,A,0.652716,-0.424292,0.69423,0.034775
chr. 5-60,138680000-141320000,A,0.570163,0.301564,0.560005,-0.568686
chr. 5-61,141320000-142800000,M,0.394176,0.499935,0.883817,0.497749
chr. 5-62,142800000-145960000,A,0.553034,0.208573,-0.253148,0.498167
chr. 5-63,145960000-147400000,B,0.429738,0.368697,-0.07211,-0.326814
chr. 5-64,147400000-151320000,A,0.670654,-0.627799,-0.675939,-0.374836
chr. 5-65,151320000-152560000,B,0.407938,-0.469102,0.278205,-0.940711
chr. 6-1,0-3440000,B,0.360363,0.206127,-0.180067,0.176137
chr. 6-2,3440000-4560000,B,0.367214,0.714329,-0.567195,0.535139
chr. 6-3,4560000-5080000,A,0.25741,0.387826,-0.959991,0.252337
chr. 6-4,5080000-5920000,M,0.375968,0.827476,-0.944029,-0.114686
chr. 6-5,5920000-6320000,A,0.3001,0.690592,-0.95111,-0.559833
chr. 6-6,6320000-14200000,B,0.805152,0.721562,0.314348,-0.474087
chr. 6-7,14200000-17560000,B,0.540539,-0.573515,0.336238,-1.033359
chr. 6-8,17560000-18000000,M,0.263437,-0.618292,-0.403385,-1.295822
chr. 6-9,18000000-22080000,B,0.587044,-0.187546,-0.832296,-0.626408
chr. 6-10,22080000-22520000,M,0.314296,-1.019865,-0.763962,-0.392101
chr. 6-11,22520000-28080000,B,0.708327,-0.728183,0.130051,0.23554
chr. 6-12,28080000-28440000,M,0.329987,-0.60313,1.087455,0.184839
chr. 6-13,28440000-35240000,A,0.797771,0.220364,0.764888,-0.71582
chr. 6-14,35240000-37000000,B,0.431488,0.226285,-0.724448,-0.901846
chr. 6-15,37000000-39800000,A,0.705404,-0.679146,0.047543,-0.610894
chr. 6-16,39800000-40280000,M,0.340064,-1.138667,0.042509,0.166863
chr. 6-17,40280000-40400000,A,0.239636,-1.193405,-0.238402,-0.052111
chr. 6-18,40400000-47120000,B,0.679576,-0.15701,-0.60828,0.46252
chr. 6-19,47120000-48080000,A,0.634562,0.433424,0.080158,0.619394
chr. 6-20,48080000-52200000,A,0.632274,1.057185,0.296216,0.015333
chr. 6-21,52200000-55520000,A,0.590014,0.286411,0.662373,0.887735
chr. 6-22,55520000-56680000,B,0.408487,-0.729997,0.75879,0.619004
chr. 6-23,56680000-58440000,B,0.463769,-0.757965,0.260851,-0.128794
chr. 6-24,58440000-59560000,B,0.394286,-0.682987,0.92226,-0.30499
chr. 6-25,59560000-60200000,B,0.271859,-0.144082,0.499508,0.204623
chr. 6-26,60200000-63320000,B,0.55515,0.182329,1.191899,0.00262
chr. 6-27,63320000-67280000,B,0.721258,-0.109291,0.479603,-0.903909
chr. 6-28,67280000-70760000,B,0.569741,-0.032353,-0.007748,0.02292
chr. 6-29,70760000-73280000,A,0.600554,0.298495,-0.791165,-0.026861
chr. 6-30,73280000-81880000,B,0.869604,0.667526,0.046925,-0.447803
chr. 6-31,81880000-82560000,M,0.341594,0.873695,-0.197533,0.789796
chr. 6-32,82560000-84040000,A,0.492651,-0.124664,-0.231271,0.954462
chr. 6-33,84040000-87720000,A,0.656531,-0.521048,0.63276,0.299416
chr. 6-34,87720000-89640000,A,0.483402,0.173549,0.622183,0.9433
chr. 6-35,89640000-90280000,B,0.358073,0.509782,0.032265,0.722747
chr. 6-36,90280000-94040000,A,0.679985,0.076896,-0.534342,0.890916
chr. 6-37,94040000-94480000,M,0.354249,0.960468,-0.728126,0.403861
chr. 6-38,94480000-95000000,A,0.34659,1.05766,-0.588583,0.099422
chr. 6-39,95000000-97080000,B,0.417351,0.669184,-0.978128,-0.362801
chr. 6-40,97080000-98040000,A,0.352159,-0.146848,-1.19194,-0.270712
chr. 6-41,98040000-98960000,B,0.343323,-0.197533,-1.15245,0.352956
chr. 6-42,98960000-100840000,A,0.509353,-0.770658,-0.712912,0.218085
chr. 6-43,100840000-103680000,B,0.523072,-0.257724,-0.140609,0.996683
chr. 6-44,103680000-108360000,B,0.69498,0.740732,0.158784,0.791852
chr. 6-45,108360000-108760000,A,0.340513,0.716012,0.727463,0.082442
chr. 6-46,108760000-112480000,B,0.583492,1.107029,0.213641,-0.278645
chr. 6-47,112480000-113720000,A,0.479588,0.501866,-0.359086,-0.807825
chr. 6-48,113720000-119040000,A,0.706053,-0.183479,-0.759819,-0.196019
chr. 6-49,119040000-121200000,A,0.574584,0.359843,-0.132924,-0.854329
chr. 6-50,121200000-122520000,B,0.439635,0.4646,0.640582,-0.493629
chr. 6-51,122520000-122840000,A,0.272562,0.2004,0.965545,-0.196954
chr. 6-52,122840000-124320000,B,0.424892,-0.276614,0.772795,-0.281667
chr. 6-53,124320000-124720000,M,0.303022,-0.117162,0.702162,0.24653
chr. 6-54,124720000-128800000,A,0.704842,-0.577657,0.170785,-0.590765
chr. 6-55,128800000-134360000,B,0.556421,0.267569,-0.114586,-0.014825
chr. 6-56,134360000-137760000,A,0.599011,-0.026948,0.840221,-0.698309
chr. 6-57,137760000-142800000,B,0.622428,-0.004983,0.988815,0.440646
chr. 6-58,142800000-143200000,A,0.299666,-0.888315,0.749017,0.300621
chr. 6-59,143200000-144120000,M,0.321176,-0.80984,0.381221,0.708299
chr. 6-60,144120000-149000000,A,0.704705,-0.933418,-0.079414,-0.114263
chr. 6-61,149000000-149520000,M,0.295271,-0.40689,-0.646051,0.123031
chr. 7-1,0-3600000,B,0.397017,0.459904,0.396564,-0.173172
chr. 7-2,3600000-5080000,A,0.435866,0.590824,0.273557,0.352939
chr. 7-3,5080000-6080000,B,0.35332,0.607337,-0.647589,0.22479
chr. 7-4,6080000-6360000,M,0.297571,1.049515,-0.36925,-0.089878
chr. 7-5,6360000-13360000,B,0.671839,0.022148,-0.517299,0.011588
chr. 7-6,13360000-13680000,A,0.382853,0.087233,-1.106465,-0.299829
chr. 7-7,13680000-16520000,B,0.573352,-0.045786,-0.211494,-0.373526
chr. 7-8,16520000-17360000,A,0.390318,-0.843855,0.316289,0.050818
chr. 7-9,17360000-19480000,B,0.504113,-0.365323,-0.104674,0.612963
chr. 7-10,19480000-24760000,B,0.606654,0.02067,0.335,-0.047195
chr. 7-11,24760000-25200000,M,0.358449,0.392966,0.773912,0.300329
chr. 7-12,25200000-26600000,A,0.462764,-0.241453,0.653605,-0.062472
chr. 7-13,26600000-27960000,B,0.409814,-0.725011,-0.008646,-0.337617
chr. 7-14,27960000-31960000,A,0.703866,-0.248174,-0.28379,-0.72823
chr. 7-15,31960000-34920000,B,0.463665,0.507496,0.217762,-0.233492
chr. 7-16,34920000-36640000,A,0.520035,0.452703,-0.678139,-0.647427
chr. 7-17,36640000-37360000,M,0.326328,0.481065,-1.076894,0.237799
chr. 7-18,37360000-37760000,A,0.314138,0.302995,-1.03707,0.449354
chr. 7-19,37760000-38160000,B,0.29151,0.067949,-1.297228,0.387487
chr. 7-20,38160000-38720000,A,0.321451,-0.322416,-1.206257,0.27902
chr. 7-21,38720000-47560000,B,0.620735,0.274368,-0.333227,0.762399
chr. 7-22,47560000-49720000,B,0.548194,0.189434,0.284384,0.759591
chr. 7-23,49720000-50040000,A,0.290148,-0.169866,0.448961,0.112874
chr. 7-24,50040000-50520000,M,0.39249,-0.497454,0.387706,0.140842
chr. 7-25,50520000-53880000,A,0.699635,-0.580056,-0.47059,0.397022
chr. 7-26,53880000-54480000,M,0.391564,-1.057722,-0.364132,-0.070646
chr. 7-27,54480000-56400000,B,0.532788,-0.481061,-0.197838,-0.741686
chr. 7-28,56400000-56760000,M,0.280136,-1.208927,-0.101693,-0.663237
chr. 7-29,56760000-57200000,A,0.299077,-1.233285,0.253792,-0.520986
chr. 7-30,57200000-63040000,B,0.690484,-0.512519,0.710277,0.108701
chr. 7-31,63040000-63520000,A,0.416873,0.312039,1.008439,-0.189459
chr. 7-32,63520000-70880000,B,0.720586,0.286869,0.46914,-0.702882
chr. 7-33,70880000-71560000,A,0.352155,-0.264673,-0.191146,-1.186818
chr. 7-34,71560000-71960000,B,0.389357,-0.094117,-0.518461,-1.153736
chr. 7-35,71960000-73880000,A,0.523685,0.115959,-0.998047,-0.650409
chr. 7-36,73880000-74360000,B,0.333672,0.70438,-0.699873,-0.659983
chr. 7-37,74360000-74840000,A,0.316548,0.852404,-0.683967,-0.891191
chr. 7-38,74840000-75560000,M,0.273891,1.101271,-0.224192,-0.929442
chr. 7-39,75560000-80560000,B,0.666399,1.247438,0.018706,0.073855
chr. 7-40,80560000-80840000,A,0.25357,0.436597,0.763751,-0.348364
chr. 7-41,80840000-83080000,B,0.537174,0.601972,0.737075,0.661048
chr. 7-42,83080000-85920000,B,0.536982,-0.459575,0.658098,0.622761
chr. 7-43,85920000-89000000,A,0.619955,0.056617,-0.081237,0.970761
chr. 7-44,89000000-89480000,M,0.340459,-0.731125,-0.420666,0.700814
chr. 7-45,89480000-89800000,B,0.324038,-0.735558,-0.844596,0.725076
chr. 7-46,89800000-90160000,M,0.282905,-0.654378,-0.921594,0.511692
chr. 7-47,90160000-91080000,B,0.428379,-0.369487,-1.136438,0.438298
chr. 7-48,91080000-91600000,M,0.307065,0.205419,-1.188213,0.70736
chr. 7-49,91600000-94240000,B,0.54638,0.583817,-0.499935,0.268189
chr. 7-50,94240000-97040000,B,0.523956,0.217555,-1.204442,-0.522701
chr. 7-51,97040000-97480000,M,0.337419,-0.401776,-1.247777,-0.075258
chr. 7-52,97480000-103680000,B,0.853917,-0.468057,-0.682396,0.403261
chr. 7-53,103680000-104120000,M,0.338757,0.768299,-0.741559,0.876822
chr. 7-54,104120000-104520000,B,0.320881,0.676548,-0.364203,1.066802
chr. 7-55,104520000-109360000,A,0.729372,0.782024,0.343438,0.079259
chr. 7-56,109360000-109680000,M,0.278293,1.091188,-0.49827,0.004502
chr. 7-57,109680000-116640000,B,0.807499,-0.024342,-0.507819,-0.621903
chr. 7-58,116640000-118720000,A,0.640351,-0.779151,0.503922,-0.356335
chr. 7-59,118720000-119160000,M,0.36894,-0.534391,0.485697,-0.946346
chr. 7-60,119160000-121400000,A,0.528339,-0.163852,-0.012027,-1.211566
chr. 7-61,121400000-123200000,B,0.419198,0.725926,0.525081,-0.922357
chr. 7-62,123200000-123800000,A,0.375245,0.187926,0.850377,-0.956167
chr. 7-63,123800000-124840000,B,0.36127,-0.038091,1.121141,-0.669287
chr. 7-64,124840000-125240000,M,0.28047,0.123166,1.365343,-0.376352
chr. 7-65,125240000-126200000,A,0.407154,-0.216029,1.030089,0.12724
chr. 7-66,126200000-126840000,B,0.319978,-0.708684,1.032906,-0.243744
chr. 7-67,126840000-127760000,M,0.389102,-1.014157,0.762443,-0.024717
chr. 7-68,127760000-130680000,A,0.586017,-0.941658,-0.055149,-0.470333
chr. 7-69,130680000-132520000,B,0.405593,-1.060174,0.100102,0.522292
chr. 7-70,132520000-135960000,A,0.936285,0.103558,-0.12373,-0.221608
chr. 7-71,135960000-136400000,B,0.289945,-0.565298,0.971107,0.139116
chr. 7-72,136400000-136800000,A,0.321452,-0.465785,1.224277,0.26339
chr. 7-73,136800000-137600000,M,0.28304,-0.207907,1.321672,0.495769
chr. 7-74,137600000-138600000,A,0.425618,0.337978,1.119579,0.186692
chr. 7-75,138600000-139080000,M,0.378967,0.430949,1.122074,-0.286436
chr. 7-76,139080000-141000000,A,0.48704,1.003341,0.776376,-0.092797
chr. 7-77,141000000-143680000,M,0.504313,0.756225,0.462158,0.786478
chr. 7-78,143680000-144680000,A,0.386404,0.013698,0.761555,1.106813
chr. 7-79,144680000-145560000,M,0.343994,-0.330289,0.480253,1.138922
chr. 7-80,145560000-147360000,A,0.497716,-0.172746,-0.176079,1.014205
chr. 7-81,147360000-148000000,B,0.327233,0.431169,-0.548249,0.807086
chr. 7-82,148000000-152520000,A,0.708198,0.273268,-0.484269,-0.187436
chr. 8-1,0-3720000,B,0.384411,0.427431,0.191069,0.6829
chr. 8-2,3720000-6520000,B,0.542649,0.858771,-0.36882,0.193959
chr. 8-3,6520000-10440000,B,0.61204,0.804255,0.337985,-0.51945
chr. 8-4,10440000-11200000,M,0.325276,0.473294,1.062286,0.200767
chr. 8-5,11200000-14200000,A,0.555588,-0.280631,0.782301,0.665263
chr. 8-6,14200000-18600000,B,0.637243,-0.359194,0.514594,-0.743535
chr. 8-7,18600000-19000000,A,0.309185,-1.014367,0.010854,-0.58284
chr. 8-8,19000000-23200000,B,0.559655,-0.2535,-0.359753,0.126137
chr. 8-9,23200000-27320000,A,0.694432,-1.050433,-0.049546,0.313499
chr. 8-10,27320000-28160000,M,0.348179,-0.720931,-0.003758,-0.881836
chr. 8-11,28160000-28480000,A,0.255568,-0.058297,0.10425,-0.679483
chr. 8-12,28480000-34800000,B,0.742022,-0.375839,-0.760714,-0.573202
chr. 8-13,34800000-36600000,A,0.480021,-0.12945,-1.20929,0.220594
chr. 8-14,36600000-42000000,B,0.698841,-0.53097,-0.3719,0.889851
chr. 8-15,42000000-42520000,M,0.306396,-0.717478,-0.957403,0.610308
chr. 8-16,42520000-47240000,B,0.699881,0.299782,-0.937022,0.197615
chr. 8-17,47240000-49160000,A,0.509108,0.422947,-0.314284,1.083182
chr. 8-18,49160000-55560000,B,0.798938,0.177935,0.500264,0.718721
chr. 8-19,55560000-58520000,B,0.449294,-0.405608,0.871231,0.181802
chr. 8-20,58520000-59800000,B,0.481831,-0.778394,0.913024,-0.115158
chr. 8-21,59800000-60360000,M,0.343416,-1.226009,0.426456,-0.019418
chr. 8-22,60360000-67080000,B,0.816172,-0.074602,0.502039,-0.636972
chr. 8-23,67080000-67520000,M,0.351197,1.123757,0.309197,-0.154279
chr. 8-24,67520000-71280000,B,0.627488,0.774582,-0.160061,-0.789714
chr. 8-25,71280000-71800000,M,0.290127,0.344632,-0.763143,-0.917585
chr. 8-26,71800000-75160000,A,0.634566,-0.081976,-0.393454,-0.139215
chr. 8-27,75160000-80560000,B,0.717426,0.609853,0.744078,-0.020633
chr. 8-28,80560000-82200000,A,0.437064,0.394211,0.623308,1.156818
chr. 8-29,82200000-85280000,B,0.595084,-0.495051,0.820944,0.386058
chr. 8-30,85280000-87600000,A,0.569534,-0.345175,-0.032695,0.757142
chr. 8-31,87600000-95640000,A,0.871509,0.716811,-0.784732,0.283632
chr. 8-32,95640000-96080000,B,0.361378,0.176384,-1.01065,-0.570339
chr. 8-33,96080000-98480000,A,0.61442,-0.465104,-0.702944,-0.15156
chr. 8-34,98480000-106640000,B,0.79665,0.307301,-0.464861,0.883457
chr. 8-35,106640000-107160000,A,0.33152,1.180967,-0.24103,-0.150748
chr. 8-36,107160000-107680000,B,0.363821,0.870531,0.027603,0.107568
chr. 8-37,107680000-110160000,A,0.57618,0.366499,0.637687,-0.606677
chr. 8-38,110160000-111080000,A,0.346006,0.78826,-0.037488,-0.731658
chr. 8-39,111080000-111520000,A,0.319884,0.623434,0.274479,-0.733717
chr. 8-40,111520000-114600000,A,0.589452,0.265418,-0.370162,-0.861213
chr. 8-41,114600000-119000000,B,0.595799,-0.714912,-0.840995,0.178285
chr. 8-42,119000000-120480000,A,0.447281,-0.724396,0.289696,0.068586
chr. 8-43,120480000-120840000,B,0.284034,-0.737501,0.129466,0.783159
chr. 8-44,120840000-121880000,A,0.386334,-0.42296,0.281791,0.751891
chr. 8-45,121880000-126120000,A,0.583482,0.633853,0.529251,0.247322
chr. 8-46,126120000-129480000,A,0.61398,-0.364841,0.749877,-0.347257
chr. 8-47,129480000-131760000,B,0.492354,-0.313291,-0.499026,-0.762026
chr. 9-1,0-3440000,B,0.333825,0.160242,-0.004256,0.624967
chr. 9-2,3440000-7600000,B,0.683035,0.688123,-0.551349,0.377169
chr. 9-3,7600000-8240000,M,0.320258,1.073386,0.016454,-0.477932
chr. 9-4,8240000-9040000,B,0.358206,1.172402,0.41561,-0.179001
chr. 9-5,9040000-9440000,M,0.289211,1.136152,0.462115,0.302554
chr. 9-6,9440000-13680000,B,0.612543,0.323698,0.879709,0.335071
chr. 9-7,13680000-14200000,M,0.282203,0.650259,0.965273,-0.622754
chr. 9-8,14200000-14600000,A,0.304088,0.813951,0.584492,-0.762662
chr. 9-9,14600000-15120000,M,0.266675,0.692411,0.288361,-1.003566
chr. 9-10,15120000-20240000,B,0.72446,-0.216318,0.14447,-0.876263
chr. 9-11,20240000-22320000,A,0.597361,0.2166,-0.075724,0.266058
chr. 9-12,22320000-26800000,B,0.675392,-0.63846,0.685227,0.233199
chr. 9-13,26800000-30760000,B,0.564359,-1.123067,-0.069247,-0.348009
chr. 9-14,30760000-31320000,A,0.308637,-0.550538,-0.787324,-0.084506
chr. 9-15,31320000-31720000,B,0.268453,-0.679368,-0.907326,-0.693577
chr. 9-16,31720000-32120000,A,0.289603,-0.458182,-1.038579,-0.778034
chr. 9-17,32120000-36640000,B,0.689408,0.03129,-0.536735,-0.771786
chr. 9-18,36640000-37160000,A,0.255974,-0.263451,-1.417912,0.135799
chr. 9-19,37160000-37480000,M,0.271047,-0.632734,-1.174921,0.240274
chr. 9-20,37480000-40640000,B,0.595191,-0.503894,-0.629329,0.521998
chr. 9-21,40640000-46560000,A,0.827524,0.249168,-0.879673,-0.06379
chr. 9-22,46560000-50960000,A,0.703209,0.710884,-0.365302,0.854256
chr. 9-23,50960000-51760000,B,0.332885,0.956667,0.621593,0.53052
chr. 9-24,51760000-52160000,M,0.326136,0.781557,0.745565,0.837478
chr. 9-25,52160000-52960000,B,0.355937,0.483995,0.82719,0.795234
chr. 9-26,52960000-54400000,A,0.460058,0.114838,0.371154,1.118966
chr. 9-27,54400000-57360000,A,0.581823,-0.73034,0.02199,0.713752
chr. 9-28,57360000-58400000,A,0.435474,-0.63682,0.864906,-0.121219
chr. 9-29,58400000-59520000,A,0.371973,0.051461,1.199878,-0.007604
chr. 9-30,59520000-61800000,A,0.49384,-0.07503,0.864395,0.79092
chr. 9-31,61800000-62560000,A,0.387304,-0.817643,0.575334,0.407347
chr. 9-32,62560000-65440000,A,0.624908,-0.683962,0.413922,-0.543885
chr. 9-33,65440000-67880000,A,0.629617,0.622913,0.794572,-0.467679
chr. 9-34,67880000-68600000,B,0.366405,1.016093,0.194875,0.198593
chr. 9-35,68600000-69240000,M,0.338559,1.298032,0.154349,-0.197253
chr. 9-36,69240000-73000000,A,0.740044,0.564382,-0.536242,-0.521206
chr. 9-37,73000000-74760000,B,0.455695,-0.036634,-0.089673,-1.08577
chr. 9-38,74760000-75520000,A,0.367683,-0.625195,0.418265,-0.950638
chr. 9-39,75520000-77600000,B,0.448048,0.326869,0.755506,-0.895677
chr. 9-40,77600000-77960000,M,0.29283,-0.263516,1.028917,-0.551642
chr. 9-41,77960000-78480000,A,0.375145,-0.00039,0.508429,-0.178172
chr. 9-42,78480000-86360000,B,0.90556,-0.375482,0.661805,0.195246
chr. 9-43,86360000-86800000,M,0.379377,-0.69494,0.071478,0.925039
chr. 9-44,86800000-88120000,B,0.410122,-0.261395,0.417236,1.045278
chr. 9-45,88120000-89280000,M,0.447971,0.107758,0.415418,0.531624
chr. 9-46,89280000-95320000,B,0.725474,0.764194,-0.195027,0.535351
chr. 9-47,95320000-97120000,A,0.564952,0.192949,-0.689978,-0.76892
chr. 9-48,97120000-97960000,B,0.284749,-0.263451,-1.37105,-0.096007
chr. 9-49,97960000-99600000,A,0.487455,-0.87365,-0.747643,-0.267439
chr. 9-50,99600000-100360000,B,0.326715,-1.012432,-0.795343,0.32727
chr. 9-51,100360000-101160000,A,0.355063,-0.606289,-0.84738,0.514996
chr. 9-52,101160000-102480000,B,0.381367,-0.861992,-0.265591,0.791441
chr. 9-53,102480000-104360000,A,0.545384,-0.181752,-0.244719,1.149324
chr. 9-54,104360000-105320000,B,0.329869,-0.012662,-1.134344,0.757686
chr. 9-55,105320000-109040000,A,0.784948,0.697249,-0.121474,0.378642
chr. 9-56,109040000-109760000,M,0.32926,-0.221924,0.203131,0.244538
chr. 9-57,109760000-111320000,A,0.609516,0.464655,-0.448185,0.420225
chr. 9-58,111320000-114320000,B,0.578524,0.022528,-0.941177,-0.395414
chr. 9-59,114320000-115280000,A,0.547078,-0.523135,-0.395479,-0.321847
chr. 9-60,115280000-115960000,M,0.307424,-0.640693,-0.248732,-0.927931
chr. 9-61,115960000-117960000,B,0.458936,-0.944826,0.085999,-0.385354
chr. 9-62,117960000-118480000,M,0.32671,-0.699234,0.600739,-0.700023
chr. 9-63,118480000-123440000,A,0.758334,0.368647,0.501712,-0.615495
chr. 9-64,123440000-124080000,B,0.432718,0.356045,-0.250357,-0.43976
chr. 10-1,0-3640000,B,0.316913,0.578317,0.538996,0.731025
chr. 10-2,3640000-5960000,B,0.557143,0.675542,-0.128334,0.572354
chr. 10-3,5960000-6400000,A,0.318095,0.675089,-0.632887,-0.25077
chr. 10-4,6400000-7280000,M,0.440878,0.802622,-0.161741,-0.406911
chr. 10-5,7280000-8800000,A,0.440818,0.76347,0.579311,-0.190441
chr. 10-6,8800000-11720000,B,0.577398,0.05662,1.000072,0.094535
chr. 10-7,11720000-12400000,M,0.308569,-0.545785,0.644854,0.683423
chr. 10-8,12400000-13280000,A,0.376101,-0.920906,0.302927,0.4822
chr. 10-9,13280000-14120000,M,0.310029,-1.115786,0.432697,0.049769
chr. 10-10,14120000-17480000,B,0.486894,-0.350134,0.391227,-0.621807
chr. 10-11,17480000-17960000,M,0.307921,-0.880533,-0.017833,-0.878496
chr. 10-12,17960000-22240000,A,0.677199,-0.33476,-0.873328,-0.389186
chr. 10-13,22240000-22880000,B,0.373027,-0.684109,-0.784003,0.559941
chr. 10-14,22880000-24000000,M,0.402796,-0.993754,-0.695977,0.269111
chr. 10-15,24000000-25320000,A,0.401798,-1.277427,-0.444245,-0.275739
chr. 10-16,25320000-30240000,B,0.722192,-0.743271,0.327364,-0.768934
chr. 10-17,30240000-30600000,M,0.317897,0.09484,-0.332965,-1.184077
chr. 10-18,30600000-33720000,B,0.540088,0.527359,0.32499,-0.823234
chr. 10-19,33720000-34160000,M,0.310186,0.858899,-0.347679,-0.755464
chr. 10-20,34160000-38880000,B,0.647932,0.241775,-0.997557,-0.399838
chr. 10-21,38880000-41040000,A,0.588583,0.200089,-0.412551,0.931629
chr. 10-22,41040000-44000000,A,0.627485,-0.840009,-0.335745,0.685869
chr. 10-23,44000000-45120000,A,0.377685,-0.202968,-0.936552,0.801316
chr. 10-24,45120000-50320000,B,0.676415,0.674486,-0.060456,0.601835
chr. 10-25,50320000-57680000,B,0.813768,-0.614499,0.235499,0.558077
chr. 10-26,57680000-59800000,A,0.486657,-0.62582,0.923954,-0.123825
chr. 10-27,59800000-62920000,A,0.673746,-0.637125,0.058828,-0.761089
chr. 10-28,62920000-66320000,B,0.546309,0.840769,-0.469316,-0.215892
chr. 10-29,66320000-67840000,A,0.470754,0.708912,0.693439,-0.434887
chr. 10-30,67840000-68800000,M,0.331082,0.552884,0.456388,-0.971203
chr. 10-31,68800000-70880000,A,0.503968,-0.089546,0.075453,-1.243227
chr. 10-32,70880000-74360000,B,0.584782,-0.445765,-0.754539,-0.57968
chr. 10-33,74360000-77960000,A,0.717259,-0.176834,0.660029,-0.415029
chr. 10-34,77960000-79040000,B,0.380118,0.574913,-0.079116,-0.396667
chr. 10-35,79040000-82120000,A,0.610328,-0.336554,-0.256414,-0.076739
chr. 10-36,82120000-86480000,A,0.704845,-0.246338,0.773497,0.427305
chr. 10-37,86480000-87840000,B,0.416975,0.223895,0.259777,1.186881
chr. 10-38,87840000-88320000,A,0.298591,0.721062,0.10557,0.762224
chr. 10-39,88320000-88800000,B,0.318943,0.514065,-0.400247,1.07057
chr. 10-40,88800000-89480000,M,0.36937,0.023529,-0.418483,1.094284
chr. 10-41,89480000-90160000,B,0.28197,-0.341126,-0.744817,0.952994
chr. 10-42,90160000-90720000,A,0.429353,0.168723,-0.825628,0.88515
chr. 10-43,90720000-92520000,B,0.399555,0.387015,-1.186625,0.512327
chr. 10-44,92520000-95600000,A,0.650534,0.772048,-0.728365,-0.144979
chr. 10-45,95600000-99120000,B,0.59294,-0.561193,-1.041864,-0.023336
chr. 10-46,99120000-100080000,B,0.405621,-0.654686,-0.498944,0.6197
chr. 10-47,100080000-101240000,B,0.379777,-1.094483,-0.160739,0.1286
chr. 10-48,101240000-107600000,B,0.82254,-0.112976,0.166616,0.761075
chr. 10-49,107600000-108040000,A,0.308266,1.183585,0.115938,0.466662
chr. 10-50,108040000-110160000,B,0.455515,0.69711,0.709118,0.318731
chr. 10-51,110160000-110600000,M,0.284568,1.066579,0.406012,-0.06635
chr. 10-52,110600000-111040000,A,0.315877,1.156507,0.121134,-0.339355
chr. 10-53,111040000-114600000,B,0.565643,0.501724,0.317778,-0.864151
chr. 10-54,114600000-115800000,M,0.355638,0.707975,-0.596929,-0.693332
chr. 10-55,115800000-121560000,A,0.806149,-0.290831,-0.333895,-0.783521
chr. 10-56,121560000-122000000,B,0.356784,-0.099371,0.799655,-0.568763
chr. 10-57,122000000-122680000,M,0.344473,-0.02453,1.125979,-0.618641
chr. 10-58,122680000-125120000,B,0.445264,-0.750687,0.913741,-0.205949
chr. 10-59,125120000-125520000,M,0.291185,-0.091292,1.227182,0.160851
chr. 10-60,125520000-126320000,B,0.375702,-0.100297,1.063408,0.214262
chr. 10-61,126320000-128440000,A,0.552589,0.005654,-0.120267,0.387716
chr. 10-62,128440000-130000000,B,0.419009,-0.772657,0.026605,-0.498905
chr. 11-1,0-3920000,B,0.413904,0.299545,0.24075,0.842023
chr. 11-2,3920000-6560000,A,0.62124,0.683987,-0.380896,0.628983
chr. 11-3,6560000-11320000,B,0.739927,0.950531,0.074091,-0.311906
chr. 11-4,11320000-16400000,B,0.661354,0.062427,0.546173,-0.858692
chr. 11-5,16400000-19680000,B,0.572987,-0.954995,-0.242511,-0.690809
chr. 11-6,19680000-20680000,A,0.369404,-0.282996,-1.020234,-0.49115
chr. 11-7,20680000-22560000,B,0.509105,-0.421086,-1.016102,0.343562
chr. 11-8,22560000-23520000,A,0.402751,-1.003995,-0.364675,0.346456
chr. 11-9,23520000-29440000,B,0.766656,-0.343977,0.718358,0.550407
chr. 11-10,29440000-30120000,M,0.365733,-1.100464,0.521669,-0.169132
chr. 11-11,30120000-30520000,B,0.32926,-1.204037,0.211877,-0.329619
chr. 11-12,30520000-30880000,A,0.298401,-1.188616,-0.054783,-0.501352
chr. 11-13,30880000-31560000,M,0.372282,-0.779862,0.227995,-0.817036
chr. 11-14,31560000-33520000,A,0.588535,-0.433965,-0.369114,-0.988464
chr. 11-15,33520000-38600000,B,0.732896,0.686648,-0.765175,-0.242168
chr. 11-16,38600000-43240000,B,0.757594,0.025095,-0.460726,0.897273
chr. 11-17,43240000-43600000,M,0.392431,-0.800875,-0.778294,0.168319
chr. 11-18,43600000-45760000,B,0.485515,-0.259868,-1.242972,0.430106
chr. 11-19,45760000-46120000,M,0.380749,-0.090543,-0.796468,0.830151
chr. 11-20,46120000-49440000,B,0.613973,0.196053,-0.001778,1.062421
chr. 11-21,49440000-51400000,A,0.571972,-0.767068,0.610032,0.011397
chr. 11-22,51400000-54880000,A,0.711721,0.15793,0.886842,0.026529
chr. 11-23,54880000-55320000,A,0.329528,-0.654169,0.842698,0.456881
chr. 11-24,55320000-57640000,B,0.517702,-1.016117,0.152031,0.318794
chr. 11-25,57640000-62520000,A,0.776263,0.189237,0.007873,-0.736046
chr. 11-26,62520000-63040000,M,0.353002,1.188168,0.683292,-0.063659
chr. 11-27,63040000-67760000,B,0.698533,0.487533,0.909399,0.588788
chr. 11-28,67760000-70720000,A,0.746044,0.863116,0.396169,-0.280224
chr. 11-29,70720000-71920000,B,0.425435,0.384263,0.406415,-0.837903
chr. 11-30,71920000-73040000,A,0.426466,-0.327054,0.28745,-0.814189
chr. 11-31,73040000-74400000,B,0.403316,-0.506702,-0.424643,-0.319183
chr. 11-32,74400000-78320000,A,0.672017,0.490207,-0.86107,-0.341331
chr. 11-33,78320000-80720000,A,0.704961,0.75696,-0.350107,0.787971
chr. 11-34,80720000-82560000,B,0.437382,0.042067,-0.417109,1.300023
chr. 11-35,82560000-87320000,A,0.705273,-0.684247,-0.430303,0.45387
chr. 11-36,87320000-88960000,A,0.504512,-0.019964,0.510505,0.96505
chr. 11-37,88960000-93760000,B,0.675338,1.024643,-0.586138,0.245811
chr. 11-38,93760000-96120000,A,0.646001,0.151512,0.645992,-0.187263
chr. 11-39,96120000-99200000,A,0.698548,-0.293574,-0.266561,-0.458844
chr. 11-40,99200000-100200000,B,0.405167,-0.765507,0.354892,-0.140138
chr. 11-41,100200000-104480000,A,0.843412,0.050887,-0.177813,0.736479
chr. 11-42,104480000-105800000,B,0.437581,0.871411,0.883625,0.195753
chr. 11-43,105800000-107440000,A,0.548051,1.067414,-0.096869,0.432405
chr. 11-44,107440000-107880000,M,0.311834,1.302551,0.044496,-0.483953
chr. 11-45,107880000-109080000,B,0.363316,1.085745,0.490341,-0.762314
chr. 11-46,109080000-109480000,M,0.242935,0.576712,0.746456,-0.838493
chr. 11-47,109480000-113040000,B,0.578425,0.252572,-0.21921,-1.08509
chr. 11-48,113040000-115360000,A,0.580514,0.086011,-0.641321,-0.028873
chr. 11-49,115360000-121840000,A,0.755992,-0.033546,0.565451,0.158382
chr. 12-1,0-3440000,B,0.323251,-0.088565,-0.042502,0.283299
chr. 12-2,3440000-5080000,A,0.474045,0.625169,-0.431546,0.435231
chr. 12-3,5080000-5520000,M,0.247212,0.735164,-0.903598,-0.250371
chr. 12-4,5520000-8320000,B,0.496221,0.153457,-0.821831,-0.598816
chr. 12-5,8320000-8680000,M,0.331918,0.308812,-0.300045,-0.872896
chr. 12-6,8680000-9080000,A,0.27921,0.901957,-0.334628,-0.945914
chr. 12-7,9080000-12440000,B,0.606848,0.868851,0.119837,-0.607761
chr. 12-8,12440000-13280000,A,0.333151,1.085572,0.565654,0.11897
chr. 12-9,13280000-16560000,B,0.561589,0.254208,0.991938,-0.104376
chr. 12-10,16560000-18200000,A,0.568734,-0.316562,0.320656,-0.610959
chr. 12-11,18200000-18320000,B,0.304131,0.103723,0.122909,0.260775
chr. 12-12,18320000-25760000,M,0.52388,-0.268544,-0.002709,-0.029089
chr. 12-13,25760000-31720000,B,0.734438,-0.57159,0.283236,-0.793439
chr. 12-14,31720000-32640000,A,0.347817,-1.231642,-0.368783,-0.570335
chr. 12-15,32640000-33640000,B,0.389235,-1.093444,-0.429744,-0.024489
chr. 12-16,33640000-34120000,A,0.331174,-0.834985,-0.723701,0.106982
chr. 12-17,34120000-40280000,B,0.868729,-0.227627,-0.617977,0.675115
chr. 12-18,40280000-41560000,M,0.399049,-1.028626,0.307036,0.940005
chr. 12-19,41560000-45720000,B,0.590881,-1.039924,-0.418292,0.391643
chr. 12-20,45720000-52440000,B,0.744338,0.385454,-0.22858,0.786761
chr. 12-21,52440000-54040000,A,0.471487,-0.681704,0.747408,0.742202
chr. 12-22,54040000-55160000,B,0.360927,-0.684566,1.176008,0.309383
chr. 12-23,55160000-56960000,A,0.590951,-0.358073,1.009005,-0.323485
chr. 12-24,56960000-60080000,B,0.5758,0.484089,0.885158,0.49125
chr. 12-25,60080000-60400000,A,0.412118,-0.006434,0.875693,0.20413
chr. 12-26,60400000-66000000,B,0.730382,-0.364486,0.596244,-0.362755
chr. 12-27,66000000-66360000,A,0.331283,0.714913,0.236131,-0.778092
chr. 12-28,66360000-70280000,B,0.626808,0.994912,-0.029491,-0.033074
chr. 12-29,70280000-74680000,A,0.720615,-0.374683,-0.416924,-0.853111
chr. 12-30,74680000-75120000,M,0.364115,0.340821,0.104375,-1.173623
chr. 12-31,75120000-76520000,B,0.365194,0.84452,0.062773,-1.03019
chr. 12-32,76520000-78080000,A,0.462047,0.06993,0.832916,-0.77002
chr. 12-33,78080000-79960000,B,0.495306,0.88218,0.749732,-0.031533
chr. 12-34,79960000-85960000,A,0.827618,-0.576274,0.552542,0.424507
chr. 12-35,85960000-88440000,A,0.575686,-0.041841,0.007701,1.064591
chr. 12-36,88440000-94720000,B,0.765632,0.617531,-0.870119,-0.125165
chr. 12-37,94720000-99920000,B,0.67432,-0.4418,-0.854251,-0.733628
chr. 12-38,99920000-102360000,A,0.546037,-0.580276,-0.938389,0.61241
chr. 12-39,102360000-103240000,B,0.417849,-0.663411,-0.104857,0.7741
chr. 12-40,103240000-103680000,M,0.301907,-0.274824,-0.33118,1.048492
chr. 12-41,103680000-104920000,A,0.400055,0.158283,-0.663102,0.904048
chr. 12-42,104920000-105280000,B,0.479998,0.2483,-0.268568,0.592886
chr. 12-43,105280000-105680000,M,0.260293,0.467687,-0.251391,0.999061
chr. 12-44,105680000-109400000,A,0.666893,0.762441,0.222218,0.611668
chr. 12-45,109400000-113360000,A,0.677019,0.693572,0.080101,-0.529302
chr. 12-46,113360000-114440000,A,0.461918,0.351908,-0.778094,0.001936
chr. 12-47,114440000-117840000,B,0.553255,-0.413139,0.028736,0.086602
chr. 12-48,117840000-121280000,B,0.610681,-0.890431,0.252296,-0.713624
chr. 13-1,0-3640000,B,0.384329,0.202451,0.254801,0.455206
chr. 13-2,3640000-8840000,B,0.710595,1.033982,-0.104504,0.157041
chr. 13-3,8840000-9200000,A,0.335309,0.728549,0.750471,0.262906
chr. 13-4,9200000-9880000,M,0.310514,0.74325,1.17849,0.014437
chr. 13-5,9880000-11800000,B,0.443318,0.391346,0.98587,-0.631776
chr. 13-6,11800000-12840000,A,0.451494,0.523579,0.397646,-0.840387
chr. 13-7,12840000-14000000,B,0.461566,0.51649,-0.183323,-0.334381
chr. 13-8,14000000-14320000,A,0.2633,0.609678,-0.693209,-0.642237
chr. 13-9,14320000-19800000,B,0.767285,-0.17795,-0.3332,-0.889075
chr. 13-10,19800000-20400000,A,0.33228,0.213432,-1.137925,-0.237805
chr. 13-11,20400000-21280000,M,0.359273,0.29959,-1.062329,0.213719
chr. 13-12,21280000-22200000,A,0.444207,-0.147308,-0.747261,0.649172
chr. 13-13,22200000-23400000,B,0.373488,0.164137,-0.02814,0.791151
chr. 13-14,23400000-25240000,A,0.532737,-0.858974,-0.090676,0.699543
chr. 13-15,25240000-29960000,B,0.636859,-0.563155,0.934789,-0.047069
chr. 13-16,29960000-30680000,A,0.301928,-1.266841,0.372033,-0.12771
chr. 13-17,30680000-31800000,M,0.333814,-1.272837,-0.188206,-0.27164
chr. 13-18,31800000-34040000,B,0.568582,-0.580853,-0.097436,-0.755247
chr. 13-19,34040000-35160000,M,0.395364,-0.092356,-0.829416,-0.617212
chr. 13-20,35160000-36080000,B,0.375883,-0.23027,-1.099874,-0.075207
chr. 13-21,36080000-36800000,A,0.32695,-0.514741,-1.112136,0.244975
chr. 13-22,36800000-37480000,B,0.369763,-0.492228,-0.921692,0.499494
chr. 13-23,37480000-39120000,A,0.472722,-0.977537,-0.45496,0.407809
chr. 13-24,39120000-39480000,B,0.296956,-0.736627,-0.426825,1.160911
chr. 13-25,39480000-40880000,M,0.410647,-0.890102,0.105726,0.993263
chr. 13-26,40880000-45640000,A,0.792159,0.191843,-0.236512,0.986013
chr. 13-27,45640000-49880000,A,0.654318,0.916472,0.471171,0.473552
chr. 13-28,49880000-51040000,M,0.397655,0.094331,0.599111,0.163641
chr. 13-29,51040000-54600000,A,0.600123,-0.14286,0.864272,0.908547
chr. 13-30,54600000-59960000,A,0.715958,-0.326724,0.874542,-0.150989
chr. 13-31,59960000-61000000,M,0.353319,-0.583723,0.614667,-0.831414
chr. 13-32,61000000-61800000,B,0.398477,-0.47973,-0.028568,-0.458852
chr. 13-33,61800000-62240000,M,0.245458,0.000839,-0.005281,0.051728
chr. 13-34,62240000-67600000,A,0.679591,0.53617,0.340599,-0.681331
chr. 13-35,67600000-68040000,M,0.314079,0.837258,0.878179,-0.349554
chr. 13-36,68040000-73200000,B,0.69622,0.732452,-0.354463,-0.39357
chr. 13-37,73200000-74760000,A,0.550734,-0.227138,0.262611,-0.974012
chr. 13-38,74760000-81960000,B,0.833025,0.347523,0.987889,0.497508
chr. 13-39,81960000-91080000,B,0.892992,-0.40076,-0.062886,0.79092
chr. 13-40,91080000-94560000,M,0.611977,0.863098,-0.692997,0.255887
chr. 13-41,94560000-97440000,A,0.603873,0.63995,-0.683068,-0.58292
chr. 13-42,97440000-101640000,A,0.733925,-0.520322,-0.514381,-0.035256
chr. 13-43,101640000-106200000,B,0.690071,0.757947,-0.123034,0.845889
chr. 13-44,106200000-112200000,B,0.743604,0.798313,0.606516,-0.295466
chr. 13-45,112200000-114520000,A,0.539585,-0.153682,0.614501,-0.956509
chr. 13-46,114520000-120280000,B,0.816556,-0.505957,0.118417,-0.343693
chr. 14-1,0-9200000,B,0.479955,0.265688,0.096213,0.273441
chr. 14-2,9200000-12320000,B,0.528721,0.903578,0.629412,0.065166
chr. 14-3,12320000-13000000,A,0.332032,1.093544,-0.351483,-0.098713
chr. 14-4,13000000-19840000,B,0.809364,0.050557,0.221542,-0.808091
chr. 14-5,19840000-22680000,A,0.653232,-0.265294,-0.652039,0.329749
chr. 14-6,22680000-24400000,B,0.387643,-0.640705,0.158369,0.762929
chr. 14-7,24400000-28680000,A,0.806885,-0.744373,-0.176469,-0.39609
chr. 14-8,28680000-30360000,B,0.396806,-0.668614,-1.156918,0.074289
chr. 14-9,30360000-35640000,A,0.827652,-0.169902,-0.495244,-0.72034
chr. 14-10,35640000-41560000,B,0.817339,0.35876,-0.805762,0.503072
chr. 14-11,41560000-45920000,M,0.597667,0.163454,-0.358607,0.064016
chr. 14-12,45920000-49840000,A,0.748902,0.141838,-0.069402,1.039475
chr. 14-13,49840000-51400000,B,0.456704,-0.096298,0.927137,0.388888
chr. 14-14,51400000-51800000,M,0.381937,0.340273,0.547664,0.384055
chr. 14-15,51800000-52520000,B,0.406891,-0.046945,0.286056,0.035084
chr. 14-16,52520000-53000000,A,0.337044,-0.703964,0.379591,0.369565
chr. 14-17,53000000-55200000,M,0.516296,-0.5703,-0.024916,0.003434
chr. 14-18,55200000-58600000,A,0.772071,0.390485,-0.266421,0.441096
chr. 14-19,58600000-59800000,M,0.342733,0.422023,0.491118,1.100031
chr. 14-20,59800000-62200000,A,0.507782,-0.043595,0.97357,0.53112
chr. 14-21,62200000-67880000,A,0.770632,0.240267,0.798981,-0.658271
chr. 14-22,67880000-68280000,B,0.359442,1.170326,0.162857,-0.423767
chr. 14-23,68280000-68760000,A,0.293831,1.202348,0.044356,0.003753
chr. 14-24,68760000-69720000,B,0.380763,1.124817,-0.48858,-0.045253
chr. 14-25,69720000-71200000,A,0.412888,0.714516,-0.547692,-0.636754
chr. 14-26,71200000-73480000,B,0.496561,0.030463,-1.065758,-0.529082
chr. 14-27,73480000-74040000,M,0.344952,-0.07642,-0.453739,-0.995719
chr. 14-28,74040000-75120000,B,0.363071,0.100196,-0.119031,-1.168038
chr. 14-29,75120000-79760000,A,0.769384,1.026358,0.382203,-0.151683
chr. 14-30,79760000-84840000,B,0.676281,-0.463822,0.632357,-0.48777
chr. 14-31,84840000-90760000,B,0.745504,-0.312159,0.295297,0.806301
chr. 14-32,90760000-96920000,B,0.713609,-0.125948,-0.853805,-0.129908
chr. 14-33,96920000-97360000,M,0.338947,-0.673134,-0.239281,-0.705435
chr. 14-34,97360000-99480000,B,0.423128,-1.015391,-0.697943,-0.112323
chr. 14-35,99480000-100360000,A,0.369967,-1.20864,0.143118,-0.026336
chr. 14-36,100360000-103440000,B,0.584263,-0.675964,-0.024034,0.80664
chr. 14-37,103440000-104080000,M,0.31435,-0.140805,-0.753725,0.94697
chr. 14-38,104080000-107600000,B,0.58354,0.69214,-0.583478,0.47267
chr. 14-39,107600000-118520000,B,0.840127,0.527397,0.315678,-0.295475
chr. 14-40,118520000-119360000,A,0.347107,-0.335848,1.026659,0.438584
chr. 14-41,119360000-120520000,M,0.352618,-0.813051,0.924619,-0.025292
chr. 14-42,120520000-122960000,A,0.560944,-0.30487,0.824744,-0.754033
chr. 14-43,122960000-125200000,B,0.498009,-0.862986,-0.077215,-0.671957
chr. 15-1,0-3440000,B,0.413006,0.292048,0.143037,0.596279
chr. 15-2,3440000-6520000,B,0.603206,0.732861,-0.487157,0.227557
chr. 15-3,6520000-6840000,A,0.233263,1.21742,0.002964,-0.091706
chr. 15-4,6840000-7280000,M,0.280691,1.237444,0.122378,-0.447417
chr. 15-5,7280000-8000000,B,0.358112,0.793389,0.279738,-0.443247
chr. 15-6,8000000-8560000,A,0.329031,0.798917,0.546846,0.150896
chr. 15-7,8560000-9000000,M,0.357514,0.528652,0.766614,0.163874
chr. 15-8,9000000-10400000,B,0.392783,0.005011,0.984811,0.115968
chr. 15-9,10400000-10880000,A,0.261409,0.394905,1.068566,-0.538809
chr. 15-10,10880000-11920000,B,0.376155,-0.019404,0.831962,-0.862427
chr. 15-11,11920000-12280000,A,0.288609,0.460664,0.338469,-0.828441
chr. 15-12,12280000-12880000,M,0.298994,0.329282,0.150262,-1.225306
chr. 15-13,12880000-19680000,B,0.797877,-0.843868,-0.281114,-0.576405
chr. 15-14,19680000-25360000,B,0.754553,-0.583648,0.050419,0.554966
chr. 15-15,25360000-25960000,M,0.378998,-0.439066,0.939077,-0.330366
chr. 15-16,25960000-27200000,B,0.399061,-0.912147,0.507459,-0.519787
chr. 15-17,27200000-28160000,A,0.410571,-0.849603,-0.065713,-0.858213
chr. 15-18,28160000-30760000,B,0.544436,-0.80452,-0.859522,-0.622735
chr. 15-19,30760000-31200000,M,0.286479,-0.447444,-0.714994,-1.220573
chr. 15-20,31200000-31560000,A,0.389767,-0.00009,-0.586809,-1.08349
chr. 15-21,31560000-33960000,B,0.521522,0.263863,-0.060115,-0.888081
chr. 15-22,33960000-34440000,M,0.28126,0.653736,-0.825821,-0.809618
chr. 15-23,34440000-35320000,B,0.321746,0.163687,-1.309087,-0.654525
chr. 15-24,35320000-39200000,A,0.730403,0.432339,-0.941831,0.457681
chr. 15-25,39200000-39680000,M,0.27765,-0.350796,-0.640867,1.384197
chr. 15-26,39680000-46880000,B,0.839172,-0.398017,-0.984175,0.378313
chr. 15-27,46880000-51520000,B,0.728101,0.558378,0.179499,0.699518
chr. 15-28,51520000-52040000,M,0.422282,0.165747,0.514362,0.985577
chr. 15-29,52040000-54880000,B,0.54272,-0.526411,0.181204,1.098027
chr. 15-30,54880000-55440000,M,0.4375,-1.153439,-0.356309,0.62249
chr. 15-31,55440000-57400000,B,0.461236,-1.268105,-0.149113,0.002485
chr. 15-32,57400000-58320000,A,0.394228,-1.098873,0.572052,0.183196
chr. 15-33,58320000-58760000,M,0.382498,-0.816117,0.520929,0.701149
chr. 15-34,58760000-59720000,A,0.439082,-0.34546,0.798497,0.743868
chr. 15-35,59720000-61760000,B,0.471288,-0.37088,1.105097,-0.10198
chr. 15-36,61760000-62160000,A,0.287325,0.322333,1.054463,0.082771
chr. 15-37,62160000-63640000,B,0.410696,0.193508,0.844088,-0.559354
chr. 15-38,63640000-64520000,M,0.401723,-0.622748,0.455252,-0.717013
chr. 15-39,64520000-70800000,B,0.751912,0.391477,-0.075163,-0.712592
chr. 15-40,70800000-72880000,B,0.495894,0.135241,-1.125017,-0.480613
chr. 15-41,72880000-75440000,A,0.535274,-0.807343,-0.67955,-0.131932
chr. 15-42,75440000-82160000,A,0.843239,0.184509,0.323689,-0.005966
chr. 15-43,82160000-82600000,M,0.336071,-0.828959,0.085994,1.048016
chr. 15-44,82600000-86040000,A,0.604145,-0.753369,0.419101,0.246898
chr. 15-45,86040000-88520000,B,0.477996,0.110972,0.087587,1.153152
chr. 15-46,88520000-89400000,A,0.393426,-0.558539,-0.564971,0.636954
chr. 15-47,89400000-93120000,B,0.626346,0.411607,-1.120759,0.547579
chr. 15-48,93120000-93480000,A,0.275917,1.172709,-0.629174,0.522859
chr. 15-49,93480000-94080000,B,0.331689,0.887572,-0.444653,0.802489
chr. 15-50,94080000-94560000,M,0.382422,1.061283,-0.159627,0.545667
chr. 15-51,94560000-95480000,B,0.309437,0.956584,0.226548,0.499336
chr. 15-52,95480000-98360000,A,0.648822,0.500849,-0.389471,-0.555109
chr. 15-53,98360000-103520000,A,0.831088,-0.558141,-0.649951,0.113946
chr. 16-1,0-3840000,B,0.37623,0.269325,-0.176411,0.334208
chr. 16-2,3840000-5240000,A,0.404984,0.718162,0.088514,0.597884
chr. 16-3,5240000-5640000,M,0.274674,0.929064,-0.09311,-0.087716
chr. 16-4,5640000-8360000,B,0.512701,0.7513,-0.026825,-0.770533
chr. 16-5,8360000-11440000,A,0.634074,0.529774,1.074315,-0.262533
chr. 16-6,11440000-13080000,M,0.404025,0.434753,0.841362,0.64833
chr. 16-7,13080000-14200000,A,0.461332,0.690582,0.52832,-0.135543
chr. 16-8,14200000-15560000,B,0.379633,-0.002108,0.952433,-0.666152
chr. 16-9,15560000-15840000,A,0.195592,-0.127352,0.597705,-1.191785
chr. 16-10,15840000-17000000,M,0.402424,-0.618163,0.391688,-0.965307
chr. 16-11,17000000-18960000,A,0.529094,-0.852396,0.091805,0.049155
chr. 16-12,18960000-20160000,B,0.402973,-0.290852,-0.660784,-0.478146
chr. 16-13,20160000-23480000,A,0.71195,-0.364905,-0.127059,0.668075
chr. 16-14,23480000-29600000,B,0.758265,-0.934799,0.666982,-0.320914
chr. 16-15,29600000-31440000,A,0.575353,-0.026119,-0.138595,-1.054493
chr. 16-16,31440000-34160000,A,0.639272,0.185369,0.537906,-0.632915
chr. 16-17,34160000-36080000,A,0.538465,0.023545,-0.405801,-1.140695
chr. 16-18,36080000-36480000,B,0.307111,0.409287,-0.631821,-0.418219
chr. 16-19,36480000-36840000,A,0.295731,0.576414,-0.929942,-0.352296
chr. 16-20,36840000-37960000,B,0.383443,-0.049616,-1.116065,-0.237629
chr. 16-21,37960000-38640000,A,0.39497,0.011519,-1.058262,0.35808
chr. 16-22,38640000-43840000,B,0.716522,-0.987484,-0.552275,-0.096158
chr. 16-23,43840000-44760000,A,0.422872,-0.748116,-1.033046,0.318852
chr. 16-24,44760000-48280000,B,0.619454,0.087487,-0.52986,0.746892
chr. 16-25,48280000-48680000,A,0.343655,-0.307508,-0.055324,1.049352
chr. 16-26,48680000-49560000,B,0.45644,-0.675825,0.495528,0.903756
chr. 16-27,49560000-52240000,B,0.573678,-0.216943,0.923825,0.575659
chr. 16-28,52240000-55880000,B,0.606634,-0.421572,0.129343,0.930575
chr. 16-29,55880000-56200000,A,0.40792,-1.068126,0.269058,0.037942
chr. 16-30,56200000-59400000,B,0.609167,-0.753434,-0.14216,-0.465288
chr. 16-31,59400000-59760000,M,0.277809,-0.892938,0.45199,-0.677949
chr. 16-32,59760000-65600000,B,0.729636,-0.341685,0.75441,-0.500518
chr. 16-33,65600000-69760000,B,0.619219,0.666938,0.576919,-0.170352
chr. 16-34,69760000-75240000,B,0.702754,0.37581,-0.590203,-0.585877
chr. 16-35,75240000-78160000,B,0.581131,0.910539,0.254438,-0.181535
chr. 16-36,78160000-78680000,A,0.361174,0.800329,0.116329,0.716889
chr. 16-37,78680000-84600000,B,0.777341,-0.199334,-0.473841,0.586029
chr. 16-38,84600000-84960000,M,0.412239,-0.563803,0.290894,1.011361
chr. 16-39,84960000-87400000,B,0.484249,-0.027635,0.402056,1.14826
chr. 16-40,87400000-87840000,A,0.3568,0.087101,0.886203,0.633685
chr. 16-41,87840000-89800000,B,0.469305,0.559129,0.860177,0.489063
chr. 16-42,89800000-95000000,A,0.750109,0.862938,-0.424659,0.242261
chr. 16-43,95000000-95800000,M,0.33879,0.333796,-0.972856,-0.53404
chr. 16-44,95800000-96240000,A,0.312529,0.516658,-1.023481,-0.147077
chr. 16-45,96240000-98320000,M,0.495243,-0.259106,-1.019818,0.027364
chr. 17-1,0-3560000,B,0.398485,0.869753,-0.492667,-0.361539
chr. 17-2,3560000-4880000,B,0.405112,1.333469,-0.246116,-0.043562
chr. 17-3,4880000-8720000,A,0.61456,0.618263,0.10297,0.506597
chr. 17-4,8720000-10400000,M,0.453616,0.185399,1.184826,0.104483
chr. 17-5,10400000-10800000,A,0.324168,-0.031364,1.243848,-0.536222
chr. 17-6,10800000-12200000,M,0.385067,0.651637,1.004264,-0.578838
chr. 17-7,12200000-14360000,A,0.603437,0.039303,0.244846,-0.633266
chr. 17-8,14360000-15160000,B,0.389799,-0.634029,0.445787,-0.854986
chr. 17-9,15160000-15640000,A,0.314799,-0.865676,-0.170451,-0.944195
chr. 17-10,15640000-19520000,B,0.698746,-0.370632,-0.708652,-0.492956
chr. 17-11,19520000-23680000,B,0.687564,0.326421,-0.75016,0.192009
chr. 17-12,23680000-27680000,A,0.70721,-0.330924,0.338027,0.555095
chr. 17-13,27680000-29160000,A,0.498142,-0.460738,0.785321,-0.597265
chr. 17-14,29160000-31080000,A,0.567055,0.016354,-0.250948,-1.102662
chr. 17-15,31080000-34120000,A,0.69804,0.204077,0.620093,-0.592707
chr. 17-16,34120000-36440000,A,0.573438,-0.238796,-0.486507,-0.417096
chr. 17-17,36440000-36960000,B,0.397655,-0.344581,-0.450338,0.099261
chr. 17-18,36960000-37400000,M,0.365903,-0.86939,-0.720257,0.055873
chr. 17-19,37400000-43080000,B,0.75268,-0.704386,-0.012374,0.500731
chr. 17-20,43080000-45560000,B,0.559006,-0.417276,-1.215001,0.39252
chr. 17-21,45560000-48960000,A,0.722088,0.677596,-0.651281,0.173301
chr. 17-22,48960000-49400000,M,0.319967,0.255462,-0.656655,1.273829
chr. 17-23,49400000-50080000,B,0.37379,0.627181,-0.363581,1.233943
chr. 17-24,50080000-50440000,M,0.280707,0.482518,0.016941,1.305969
chr. 17-25,50440000-53560000,B,0.608767,0.429325,0.733271,0.761684
chr. 17-26,53560000-54000000,M,0.345603,-0.311219,0.301981,0.897044
chr. 17-27,54000000-56120000,B,0.502791,-0.909009,0.388968,0.552802
chr. 17-28,56120000-57200000,A,0.51243,-0.202678,-0.49295,-0.189104
chr. 17-29,57200000-62680000,B,0.781233,-0.614798,0.338362,-0.401377
chr. 17-30,62680000-65880000,B,0.594877,-0.054511,0.49423,-1.019993
chr. 17-31,65880000-66920000,A,0.447427,1.057996,0.363783,-0.260314
chr. 17-32,66920000-71040000,B,0.635023,0.632545,-0.804977,-0.668586
chr. 17-33,71040000-72280000,A,0.616983,-0.024916,-0.939521,0.071621
chr. 17-34,72280000-72680000,B,0.264451,-0.573492,-1.191726,-0.681443
chr. 17-35,72680000-74680000,M,0.503051,-0.527615,-0.598041,-0.922565
chr. 17-36,74680000-75160000,A,0.318141,-0.283292,0.354486,-0.5354
chr. 17-37,75160000-77840000,B,0.540007,0.61442,0.453469,-0.6665
chr. 17-38,77840000-80000000,B,0.564201,1.082351,0.31445,0.104263
chr. 17-39,80000000-81000000,A,0.374996,0.355563,1.107456,0.377008
chr. 17-40,81000000-83720000,B,0.550866,0.181207,0.238388,1.140468
chr. 17-41,83720000-84320000,A,0.409536,-0.376546,0.813376,0.634905
chr. 17-42,84320000-86880000,A,0.615155,-1.106923,0.315407,0.078703
chr. 17-43,86880000-89040000,A,0.579647,-0.689595,-0.087056,0.976864
chr. 17-44,89040000-95280000,B,0.83696,0.301542,-0.915288,0.511604
chr. 18-1,0-3480000,B,0.440781,0.44659,-0.294487,0.427014
chr. 18-2,3480000-4200000,B,0.326808,0.903068,-0.363113,0.51636
chr. 18-3,4200000-6640000,A,0.531754,0.98123,-0.43508,-0.279928
chr. 18-4,6640000-9960000,B,0.568076,0.757543,0.698542,-0.095418
chr. 18-5,9960000-10880000,A,0.397517,0.428159,0.24388,0.76501
chr. 18-6,10880000-11640000,M,0.325957,-0.124625,0.053518,0.804876
chr. 18-7,11640000-13200000,A,0.443607,-0.063226,-0.653923,0.702933
chr. 18-8,13200000-13640000,M,0.334521,-0.048355,-1.019105,0.092372
chr. 18-9,13640000-14160000,A,0.286428,-0.099296,-1.192187,-0.109049
chr. 18-10,14160000-14640000,B,0.310465,0.224607,-1.146967,-0.269115
chr. 18-11,14640000-15000000,A,0.291904,0.358127,-0.98578,-0.34335
chr. 18-12,15000000-20760000,B,0.722616,0.064299,-0.075342,-1.018428
chr. 18-13,20760000-21200000,A,0.347901,-0.347003,-0.823586,-0.627911
chr. 18-14,21200000-21600000,M,0.257418,-0.8254,-0.899642,-0.582205
chr. 18-15,21600000-23800000,B,0.497532,-0.96569,-0.492546,-0.049116
chr. 18-16,23800000-25320000,A,0.470345,-1.248955,0.172649,0.061944
chr. 18-17,25320000-25760000,M,0.319031,-1.105302,0.754096,-0.023889
chr. 18-18,25760000-31720000,B,0.742306,-0.339563,0.971925,-0.460213
chr. 18-19,31720000-32600000,A,0.383869,-0.734762,-0.08073,-0.888542
chr. 18-20,32600000-33040000,M,0.384851,-0.545162,-0.489528,-0.973966
chr. 18-21,33040000-33440000,B,0.376378,-0.197642,-0.499429,-0.978966
chr. 18-22,33440000-33960000,M,0.301364,-0.128965,-0.806737,-0.927317
chr. 18-23,33960000-37000000,A,0.661602,0.531489,-0.411511,-0.250957
chr. 18-24,37000000-37480000,B,0.333291,-0.455376,-0.783914,0.147584
chr. 18-25,37480000-39040000,A,0.517782,-0.594509,-0.676719,-0.439773
chr. 18-26,39040000-39360000,M,0.241023,-1.205214,-0.578916,-0.196897
chr. 18-27,39360000-42360000,B,0.572463,-1.06463,0.192304,0.207432
chr. 18-28,42360000-42800000,A,0.412912,-0.539769,-0.040886,0.860303
chr. 18-29,42800000-46360000,B,0.612484,-0.270939,-0.761882,0.627265
chr. 18-30,46360000-47240000,A,0.409893,0.738243,-0.203475,0.601855
chr. 18-31,47240000-49880000,B,0.480039,0.125765,0.137345,1.131323
chr. 18-32,49880000-50360000,A,0.336225,0.346624,0.810013,0.986303
chr. 18-33,50360000-53160000,B,0.520211,0.570842,0.887762,0.436565
chr. 18-34,53160000-53840000,M,0.339021,-0.33603,1.119686,0.65843
chr. 18-35,53840000-54160000,A,0.313034,-0.712158,1.011642,0.560955
chr. 18-36,54160000-56480000,B,0.451142,-0.960174,0.500628,0.706689
chr. 18-37,56480000-57560000,A,0.409065,-1.043754,0.464755,-0.268855
chr. 18-38,57560000-60320000,B,0.548715,-0.42837,1.245451,-0.084318
chr. 18-39,60320000-63200000,A,0.603665,0.012332,0.913557,-0.827432
chr. 18-40,63200000-63840000,M,0.302405,-0.745188,0.387473,-0.844936
chr. 18-41,63840000-67240000,A,0.669463,0.306053,0.239977,-1.109951
chr. 18-42,67240000-68520000,A,0.456797,0.915592,0.48323,-0.057507
chr. 18-43,68520000-68640000,M,0.274108,1.000031,-0.1862,0.07972
chr. 18-44,68640000-69360000,B,0.288187,1.177082,-0.315484,-0.152676
chr. 18-45,69360000-69760000,M,0.248964,1.302881,-0.109423,-0.543598
chr. 18-46,69760000-73760000,B,0.622365,0.157985,-0.634661,-0.618065
chr. 18-47,73760000-74080000,A,0.378623,-0.061517,-0.054846,-0.838998
chr. 18-48,74080000-74880000,M,0.32147,0.015685,0.323752,-1.024637
chr. 18-49,74880000-78440000,A,0.667628,-0.120446,0.962893,-0.379237
chr. 18-50,78440000-80200000,B,0.409259,1.071613,0.386715,-0.208021
chr. 18-51,80200000-81560000,A,0.440532,0.792716,0.940727,0.330355
chr. 18-52,81560000-82160000,M,0.362571,0.60923,0.811525,0.743747
chr. 18-53,82160000-83600000,A,0.457297,-0.01597,0.993559,0.640225
chr. 18-54,83600000-83960000,M,0.294972,0.103157,0.473378,1.058453
chr. 18-55,83960000-85200000,A,0.428599,-0.357009,0.288888,0.987614
chr. 18-56,85200000-88920000,B,0.620107,-0.004786,-0.415419,0.652089
chr. 18-57,88920000-89320000,A,0.280138,1.002325,-0.450475,0.583689
chr. 18-58,89320000-90800000,B,0.382657,0.746515,-0.58788,0.102165
chr. 19-1,0-3920000,B,0.519235,0.179289,0.184942,0.688435
chr. 19-2,3920000-7600000,A,0.683275,0.792289,-0.24112,0.457354
chr. 19-3,7600000-8800000,B,0.449745,0.465993,0.16952,-0.353079
chr. 19-4,8800000-9240000,A,0.380253,-0.068733,0.69766,-0.054406
chr. 19-5,9240000-9960000,B,0.411454,-0.301636,0.152662,-0.219309
chr. 19-6,9960000-11120000,A,0.473864,0.092987,0.483484,-0.769043
chr. 19-7,11120000-16080000,B,0.719879,0.062049,-0.90992,-0.76863
chr. 19-8,16080000-18600000,B,0.572334,-1.003665,-0.669318,-0.139951
chr. 19-9,18600000-18960000,M,0.383607,-0.785396,-1.165768,0.086182
chr. 19-10,18960000-23000000,B,0.707668,-0.176279,-0.905025,0.870633
chr. 19-11,23000000-23360000,A,0.398246,-0.613682,0.238538,0.8845
chr. 19-12,23360000-24360000,B,0.457099,-0.991049,-0.250847,0.704695
chr. 19-13,24360000-25800000,A,0.432607,-1.029604,0.141703,0.296976
chr. 19-14,25800000-28200000,B,0.574087,-0.69776,0.796322,0.131049
chr. 19-15,28200000-29600000,A,0.414201,-1.112404,0.173723,-0.746484
chr. 19-16,29600000-30280000,M,0.356753,-0.418003,0.070722,-1.054783
chr. 19-17,30280000-32160000,B,0.481543,0.199766,0.678523,-0.645048
chr. 19-18,32160000-32560000,A,0.288417,0.32795,0.156196,-1.259247
chr. 19-19,32560000-32840000,M,0.297536,0.704317,-0.046445,-1.212606
chr. 19-20,32840000-36920000,B,0.702255,1.07923,-0.35952,-0.30791
chr. 19-21,36920000-39040000,A,0.582155,-0.121285,-1.315618,-0.0399
chr. 19-22,39040000-40800000,B,0.555097,-0.001993,-0.43914,0.711362
chr. 19-23,40800000-41160000,M,0.300191,0.670217,-1.123428,0.622254
chr. 19-24,41160000-42880000,A,0.569277,0.770519,-0.994062,-0.285704
chr. 19-25,42880000-43520000,B,0.317073,1.124371,-0.28571,-0.601392
chr. 19-26,43520000-48000000,A,0.951382,-0.290919,-0.522414,-0.263554
chr. 19-27,48000000-53080000,B,0.667508,0.930165,-0.036394,0.946162
chr. 19-28,53080000-54120000,A,0.45033,-0.456962,0.313598,0.997353
chr. 19-29,54120000-55440000,B,0.39454,0.093578,0.933191,1.045526
chr. 19-30,55440000-56040000,A,0.312361,-0.173607,1.25499,0.46336
chr. 19-31,56040000-56440000,B,0.36816,0.103341,1.099659,0.302595
chr. 19-32,56440000-57800000,A,0.435076,-0.247933,0.957767,-0.35166
chr. 19-33,57800000-61360000,B,0.619279,0.894849,0.761531,-0.135727
chr. X-1,0-5800000,B,0.477487,0.355886,0.26835,-0.253066
chr. X-2,5800000-6200000,M,0.289542,1.001496,0.120552,-0.297046
chr. X-3,6200000-7880000,A,0.505875,0.886807,0.221601,0.245619
chr. X-4,7880000-10160000,M,0.501822,-0.067356,0.625053,0.260988
chr. X-5,10160000-13600000,A,0.62566,0.277168,0.77493,-0.534077
chr. X-6,13600000-16040000,M,0.456914,0.05963,-0.243355,-0.956627
chr. X-7,16040000-16840000,A,0.324439,-0.675836,0.012792,-1.030924
chr. X-8,16840000-17200000,M,0.288623,-0.773306,0.348513,-0.709871
chr. X-9,17200000-17640000,B,0.335045,-0.93705,0.317569,-0.569005
chr. X-10,17640000-18040000,A,0.287047,-1.039263,0.214824,-0.443773
chr. X-11,18040000-19600000,M,0.377043,-0.854188,-0.360636,-0.034426
chr. X-12,19600000-20560000,A,0.365786,-0.468271,-0.814075,-0.569928
chr. X-13,20560000-33720000,M,0.68755,0.289816,-0.377622,-0.207801
chr. X-14,33720000-36080000,A,0.664793,-0.184324,-0.401649,-0.375139
chr. X-15,36080000-39920000,M,0.687266,0.10735,-0.630404,0.596855
chr. X-16,39920000-40560000,B,0.313398,-0.891251,-0.146816,0.649347
chr. X-17,40560000-41600000,M,0.388528,-0.940927,-0.018249,0.285683
chr. X-18,41600000-42400000,B,0.360284,-0.877475,-0.512979,0.066312
chr. X-19,42400000-45280000,M,0.537811,-0.266481,-0.871112,0.307266
chr. X-20,45280000-46680000,A,0.487501,-0.000935,-0.21915,1.154182
chr. X-21,46680000-48400000,M,0.435161,0.629165,-0.066289,0.794508
chr. X-22,48400000-50320000,A,0.458899,0.182648,0.665071,1.051023
chr. X-23,50320000-52960000,M,0.554928,-0.236582,0.18656,0.449982
chr. X-24,52960000-53640000,B,0.387501,-0.206662,0.625096,0.039872
chr. X-25,53640000-55800000,A,0.513873,-1.048159,0.404398,0.286397
chr. X-26,55800000-56480000,B,0.333074,-0.939859,-0.261409,-0.302295
chr. X-27,56480000-57280000,M,0.31728,-0.790345,-0.051674,-0.709085
chr. X-28,57280000-58400000,A,0.377496,-0.712639,0.51054,-0.685098
chr. X-29,58400000-59200000,M,0.343517,-0.667493,0.908308,-0.134196
chr. X-30,59200000-59440000,B,0.272138,-0.503177,1.070641,0.082964
chr. X-31,59440000-67200000,M,0.773075,0.33881,0.563078,-0.471681
chr. X-32,67200000-68920000,A,0.51272,0.69315,0.636463,0.494326
chr. X-33,68920000-69280000,M,0.271814,1.141861,0.028355,0.577205
chr. X-34,69280000-71720000,A,0.585519,0.807803,-0.408477,0.211929
chr. X-35,71720000-72280000,M,0.418036,0.133516,-0.628137,0.093905
chr. X-36,72280000-72960000,A,0.418772,0.279371,-0.80609,-0.339324
chr. X-37,72960000-75680000,M,0.533983,0.057129,-0.28164,-0.79389
chr. X-38,75680000-76000000,A,0.327316,0.815341,0.111987,-0.806263
chr. X-39,76000000-76680000,B,0.312666,0.982743,0.02647,-0.646724
chr. X-40,76680000-79920000,M,0.587334,1.013744,-0.103101,-0.047497
chr. X-41,79920000-80480000,A,0.284383,1.02042,0.468049,0.673439
chr. X-42,80480000-82120000,M,0.489199,0.72887,-0.172173,0.85773
chr. X-43,82120000-82520000,A,0.312043,0.498422,-0.695352,1.00877
chr. X-44,82520000-86520000,M,0.703244,-0.397611,0.229571,0.867482
chr. X-45,86520000-87320000,B,0.331282,0.057274,0.58742,0.728859
chr. X-46,87320000-90200000,M,0.640858,-0.169129,-0.188209,0.608381
chr. X-47,90200000-91920000,A,0.596212,0.149027,-1.044601,0.308076
chr. X-48,91920000-92280000,B,0.312524,0.524257,-0.471815,-0.359736
chr. X-49,92280000-93520000,A,0.417137,0.801954,-0.906473,-0.017433
chr. X-50,93520000-94120000,M,0.295696,0.258451,-1.134878,0.151633
chr. X-51,94120000-95840000,A,0.461638,-0.071683,-0.954036,-0.469417
chr. X-52,95840000-96280000,M,0.290023,-0.600448,-1.016904,-0.584089
chr. X-53,96280000-96920000,A,0.300724,-0.909403,-0.601033,-0.498025
chr. X-54,96920000-97720000,M,0.304665,-0.916416,-0.994212,0.046502
chr. X-55,97720000-99760000,A,0.545116,-0.839433,-0.114386,0.423591
chr. X-56,99760000-102320000,A,0.579393,0.158045,-0.453414,0.932912
chr. X-57,102320000-102960000,B,0.356409,0.25923,0.105538,1.078703
chr. X-58,102960000-104360000,A,0.464489,0.520115,0.480152,0.796353
chr. X-59,104360000-105840000,M,0.421651,0.963614,0.065371,0.195893
chr. X-60,105840000-106280000,A,0.380564,0.844894,0.539821,0.032434
chr. X-61,106280000-108360000,M,0.46841,0.131029,0.860222,0.293489
chr. X-62,108360000-109040000,A,0.397222,-0.307995,0.780795,-0.27542
chr. X-63,109040000-110080000,M,0.443523,0.203385,0.778136,-0.447796
chr. X-64,110080000-110480000,A,0.300253,0.88462,0.761627,-0.466167
chr. X-65,110480000-115480000,M,0.668141,0.344914,-0.174722,-0.744529
chr. X-66,115480000-119280000,M,0.598979,0.347194,-0.603104,0.217194
chr. X-67,119280000-125000000,M,0.659557,-0.279418,0.168105,-0.241727
chr. X-68,125000000-125800000,B,0.350249,-0.866724,0.498568,0.0464
chr. X-69,125800000-126160000,M,0.322245,-0.916698,0.330396,0.38327
chr. X-70,126160000-127320000,A,0.42088,-0.666872,0.191227,0.764317
chr. X-71,127320000-130280000,M,0.542717,-0.656612,-0.658564,0.345664
chr. X-72,130280000-133720000,A,0.602136,-0.874248,0.053933,-0.32544
chr. X-73,133720000-134800000,B,0.365638,-0.568041,0.143828,-0.825393
chr. X-74,134800000-135880000,M,0.401791,-0.220581,0.503299,-0.90945
chr. X-75,135880000-137640000,A,0.459396,0.036408,1.039277,-0.279697
chr. X-76,137640000-138640000,M,0.322996,-0.433172,1.025162,0.166409
chr. X-77,138640000-139120000,A,0.318075,-0.754331,0.618956,0.065948
chr. X-78,139120000-139200000,M,0.109384,-1.047834,0.712686,0.334015
chr. X-79,139200000-139560000,A,0.200263,-0.962829,0.283786,0.390256
chr. X-80,139560000-140160000,M,0.352166,-0.74472,0.521693,0.688878
chr. X-81,140160000-140840000,A,0.378214,-0.368239,0.245775,0.743235
chr. X-82,140840000-141200000,M,0.295536,-0.13158,0.47929,0.916625
chr. X-83,141200000-141800000,B,0.321771,0.082854,0.463395,0.853769
chr. X-84,141800000-146920000,M,0.583736,0.363833,0.195853,0.596866
chr. X-85,146920000-149880000,A,0.601502,-0.398905,-0.677737,0.205233
chr. X-86,149880000-150360000,M,0.384175,0.382014,-0.757955,-0.525326
chr. X-87,150440000-151480000,M,0.366864,0.696701,-0.089193,-0.178576
chr. X-88,151480000-151880000,A,0.293056,0.974908,-0.590779,-0.044185
chr. X-89,151880000-153800000,M,0.422493,0.567233,-0.712537,0.488469
chr. X-90,153800000-154160000,A,0.275656,0.239783,-1.23782,0.011819
chr. X-91,154160000-155400000,M,0.350508,0.513056,-1.036389,-0.378026
chr. X-92,155400000-157840000,A,0.501388,-0.318644,-0.579656,-0.872142
chr. X-93,157840000-158320000,M,0.305608,0.222878,-0.358894,-1.209924
chr. X-94,158320000-160960000,A,0.565326,0.101971,0.501962,-0.987929
chr. X-95,160960000-162560000,M,0.381016,0.614939,0.822073,-0.138422
chr. X-96,162560000-163720000,A,0.343517,1.217976,0.412793,-0.090452
chr. X-97,163720000-164360000,M,0.276841,1.248935,0.038113,-0.507963
chr. X-98,164360000-165800000,A,0.410609,0.862606,-0.29495,-0.628062
chr. X-99,165800000-166680000,M,0.345096,0.627896,0.174625,-0.947925