"Supplementary Table S5. (b) Genomic, epigenomic, and physical features of blobs in coarse-grained blob chain models of chromosomes from 2-day cells (2-day cell model).",,,,,,
Blob index,Genome region (bp),Epigenomic attribution,Radius (_m),Coordinate of basic structure x y z (_m),,
chr. 1-1,0-4400000,B,0.371327,0.188188,0.527671,0.821633
chr. 1-2,4400000-5160000,M,0.331684,0.275675,-0.122146,0.928962
chr. 1-3,5160000-6400000,B,0.383207,0.472985,-0.404545,0.601368
chr. 1-4,6400000-7320000,M,0.330862,0.96924,-0.368221,0.145154
chr. 1-5,7320000-9560000,B,0.468398,0.777156,0.134853,-0.157312
chr. 1-6,9560000-10200000,A,0.303663,0.436063,0.714668,-0.485725
chr. 1-7,10200000-11160000,B,0.38041,-0.134791,0.818785,-0.357827
chr. 1-8,11160000-11600000,M,0.261432,-0.118583,1.156104,-0.117266
chr. 1-9,11600000-12880000,B,0.367467,0.051407,0.965788,0.361664
chr. 1-10,12880000-13720000,A,0.347491,0.629863,0.445812,0.123302
chr. 1-11,13720000-14720000,M,0.342754,0.669582,0.241505,-0.608551
chr. 1-12,14720000-15640000,B,0.332523,0.330406,-0.190067,-0.898372
chr. 1-13,15640000-16480000,M,0.335225,-0.117499,0.132901,-1.007038
chr. 1-14,16480000-16720000,A,0.362187,-0.408366,0.332739,-0.775349
chr. 1-15,16720000-17160000,M,0.344982,-0.591263,0.315152,-0.652116
chr. 1-16,17160000-20640000,B,0.619357,-0.381455,-0.565798,-0.522398
chr. 1-17,20640000-21400000,A,0.347173,0.07949,-0.668059,0.266894
chr. 1-18,21400000-23760000,B,0.48328,-0.676555,-0.923108,0.203917
chr. 1-19,23760000-24280000,M,0.324437,-1.149147,-0.459668,0.346525
chr. 1-20,24280000-33720000,B,0.85406,-0.632162,0.237104,-0.088407
chr. 1-21,33720000-35000000,A,0.417975,0.121411,-0.649614,-0.61952
chr. 1-22,35000000-35840000,M,0.400432,0.48847,-0.715056,-0.026115
chr. 1-23,35840000-40560000,A,0.758521,-0.805912,-0.620698,0.061259
chr. 1-24,40560000-40920000,M,0.319293,-0.615258,-0.560313,1.01251
chr. 1-25,40920000-42840000,B,0.396595,-0.053263,-0.785864,0.983867
chr. 1-26,42840000-44240000,A,0.420257,-0.43766,-1.147467,0.307509
chr. 1-27,44240000-44840000,M,0.359471,0.067207,-0.807655,-0.272418
chr. 1-28,44840000-51400000,B,0.756361,0.262191,-0.36832,0.601058
chr. 1-29,51400000-51720000,M,0.223173,-0.330276,0.225149,1.347218
chr. 1-30,51720000-53080000,A,0.413308,-0.052775,0.626551,0.982133
chr. 1-31,53080000-54040000,M,0.387779,-0.05046,0.784575,0.193399
chr. 1-32,54040000-55440000,A,0.43243,-0.827373,0.728721,0.286907
chr. 1-33,55440000-57440000,B,0.450677,-1.286289,-0.054198,0.007074
chr. 1-34,57440000-61880000,A,0.820211,-0.651985,0.490155,0.309132
chr. 1-35,61880000-62440000,B,0.314333,-0.287647,1.193972,-0.086982
chr. 1-36,62440000-65360000,A,0.593089,-0.395948,0.674704,-0.60245
chr. 1-37,65360000-66760000,B,0.398197,0.583672,0.897242,-0.189253
chr. 1-38,66760000-67200000,M,0.269517,0.952754,0.54121,-0.398947
chr. 1-39,67200000-71640000,B,0.611964,0.638154,-0.214261,-0.604562
chr. 1-40,71640000-72280000,M,0.378407,0.399751,-0.994137,-0.33749
chr. 1-41,72280000-73360000,A,0.378762,-0.397297,-0.801718,-0.530104
chr. 1-42,73360000-73920000,M,0.375471,-0.462341,-0.794346,-0.292344
chr. 1-43,73920000-75640000,A,0.549641,0.002211,0.030671,-0.783746
chr. 1-44,75640000-77960000,B,0.438514,1.002875,0.277562,0.094017
chr. 1-45,77960000-78800000,A,0.415268,0.896219,-0.561865,0.226602
chr. 1-46,78800000-83720000,B,0.725595,0.39784,0.201003,0.936982
chr. 1-47,83720000-87960000,M,0.684383,-0.097196,0.026267,0.587971
chr. 1-48,87960000-89000000,A,0.459598,0.538815,0.121243,0.658565
chr. 1-49,89000000-92840000,A,0.627901,0.057108,-0.777671,0.616698
chr. 1-50,92840000-95760000,A,0.591515,0.714128,-0.385596,-0.083554
chr. 1-51,95760000-96040000,M,0.419704,-0.312246,-0.393245,-0.621293
chr. 1-52,96040000-99680000,B,0.603141,-0.778193,-0.230835,-0.31484
chr. 1-53,99680000-100080000,M,0.32887,-0.707223,0.8111,-0.299485
chr. 1-54,100080000-104360000,B,0.610497,-0.554157,0.525093,0.654022
chr. 1-55,104360000-107560000,B,0.565486,0.457808,0.517564,0.62935
chr. 1-56,107560000-108320000,A,0.329981,0.242999,1.209779,-0.048129
chr. 1-57,108320000-114360000,B,0.70285,-0.054906,0.12875,-0.685132
chr. 1-58,114360000-120200000,B,0.723797,-0.353221,-0.60366,0.358408
chr. 1-59,120200000-122520000,A,0.672535,-0.088624,0.716429,-0.014931
chr. 1-60,122520000-123120000,M,0.335273,-0.568631,0.231582,-0.808515
chr. 1-61,123120000-123480000,A,0.280245,-0.88212,0.183435,-0.659782
chr. 1-62,123480000-128960000,B,0.646143,-0.890635,0.419397,0.250955
chr. 1-63,128960000-130760000,A,0.467646,-1.03021,-0.490679,-0.340984
chr. 1-64,130760000-132320000,B,0.404284,-0.639247,-0.765559,0.590462
chr. 1-65,132320000-133040000,M,0.349898,-0.359476,-1.066717,-0.063427
chr. 1-66,133040000-136240000,A,0.672962,-0.029678,-0.322942,-0.811686
chr. 1-67,136240000-139160000,A,0.650719,0.235119,0.66177,-0.338847
chr. 1-68,139160000-140720000,B,0.434813,0.890102,-0.342222,-0.407831
chr. 1-69,140720000-141280000,A,0.339384,1.08238,-0.291506,0.204829
chr. 1-70,141280000-141360000,M,0.149184,1.21789,0.117072,0.300921
chr. 1-71,141360000-145640000,B,0.613623,0.371441,-0.088999,0.780006
chr. 1-72,145640000-149160000,B,0.580911,-0.164308,-0.949368,0.051353
chr. 1-73,149160000-152880000,B,0.599631,0.678875,-0.582516,0.184838
chr. 1-74,152880000-153280000,M,0.336583,0.308727,-0.427409,1.049309
chr. 1-75,153280000-156080000,A,0.554197,-0.471055,-0.357964,0.929489
chr. 1-76,156080000-156560000,M,0.286355,0.124862,0.341465,1.136723
chr. 1-77,156560000-159480000,A,0.574798,-0.639486,0.607994,0.582424
chr. 1-78,159480000-162120000,B,0.488708,0.248345,1.08071,0.198557
chr. 1-79,162120000-163240000,A,0.384791,0.628432,0.372368,0.807418
chr. 1-80,163240000-163960000,M,0.309777,1.045735,0.385016,0.242784
chr. 1-81,163960000-164320000,B,0.229463,1.131944,0.561943,-0.110103
chr. 1-82,164320000-164720000,A,0.302765,0.910741,0.381881,-0.310363
chr. 1-83,164720000-165840000,B,0.326486,0.443842,0.69339,-0.632171
chr. 1-84,165840000-166240000,A,0.265229,0.675147,0.331085,-0.876029
chr. 1-85,166240000-167120000,M,0.326079,0.602213,-0.080088,-0.866385
chr. 1-86,167120000-168400000,A,0.442998,0.73501,-0.521767,-0.058404
chr. 1-87,168400000-169160000,M,0.360598,0.216907,-0.782992,-0.135566
chr. 1-88,169160000-169640000,A,0.387722,0.149638,-0.682282,-0.396219
chr. 1-89,169640000-170120000,B,0.338977,-0.177493,-0.507201,-0.84048
chr. 1-90,170120000-170520000,A,0.317452,-0.280457,-0.399627,-0.923698
chr. 1-91,170520000-172160000,B,0.458386,-0.658964,-0.625654,-0.672112
chr. 1-92,172160000-172600000,M,0.287339,-0.636108,-0.929031,0.068572
chr. 1-93,172600000-174600000,A,0.642228,-0.3951,-0.142913,0.653012
chr. 1-94,174600000-178680000,B,0.650943,-0.955276,0.064329,-0.054762
chr. 1-95,178680000-179240000,M,0.271308,-0.514664,0.616588,-0.889292
chr. 1-96,179240000-182160000,A,0.6369,-0.117805,0.003177,-0.753206
chr. 1-97,182160000-184480000,A,0.531175,-0.914043,-0.463112,0.001668
chr. 1-98,184480000-186640000,M,0.470228,-0.620892,0.679851,-0.327657
chr. 1-99,186640000-187400000,A,0.37655,-0.53368,0.414794,0.118587
chr. 1-100,187400000-188600000,M,0.338719,-0.115179,0.868517,0.263704
chr. 1-101,188600000-189280000,A,0.262392,-0.430541,0.463287,0.728575
chr. 1-102,189280000-191480000,M,0.508727,0.16004,0.480396,0.740459
chr. 1-103,191480000-195200000,A,0.625292,0.440745,-0.36552,0.298015
chr. 1-104,195200000-195600000,M,0.28421,0.563652,-0.276351,-0.38098
chr. 1-105,195600000-197200000,B,0.417295,0.269668,-0.080313,-0.696606
chr. 2-1,0-3400000,B,0.336915,0.854389,0.410775,0.306067
chr. 2-2,3400000-3760000,M,0.273714,1.014621,0.308142,0.442911
chr. 2-3,3760000-6440000,A,0.587388,0.918563,-0.487549,0.265469
chr. 2-4,6440000-9920000,B,0.567957,0.628168,-0.339812,-0.942556
chr. 2-5,9920000-10360000,A,0.263366,1.118962,0.050503,-0.397258
chr. 2-6,10360000-11120000,B,0.344045,0.63199,0.492113,-0.58106
chr. 2-7,11120000-11880000,A,0.389332,0.624175,0.461394,-0.09886
chr. 2-8,11880000-15720000,B,0.668833,-0.207159,0.651478,-0.134082
chr. 2-9,15720000-16240000,M,0.255419,-0.419102,-0.087238,-1.102429
chr. 2-10,16240000-17760000,B,0.42827,-0.787091,-0.304064,-0.536395
chr. 2-11,17760000-19320000,A,0.417684,-0.69259,-0.549918,0.370834
chr. 2-12,19320000-19920000,B,0.30509,-0.387808,-1.058966,-0.070876
chr. 2-13,19920000-20320000,M,0.279153,-0.172865,-1.157872,-0.330863
chr. 2-14,20320000-20760000,A,0.301261,0.000417,-0.994772,-0.549286
chr. 2-15,20760000-21200000,M,0.319251,0.332445,-1.198022,-0.176872
chr. 2-16,21200000-22760000,B,0.453171,0.552095,-0.874006,0.165906
chr. 2-17,22760000-23120000,A,0.295197,0.145064,-0.663586,0.797451
chr. 2-18,23120000-23520000,M,0.327136,0.415432,-0.299151,0.890292
chr. 2-19,23520000-24160000,B,0.328281,0.524022,-0.082098,0.862112
chr. 2-20,24160000-28400000,A,0.832361,-0.167183,0.577355,0.345594
chr. 2-21,28400000-29920000,A,0.449743,0.090626,0.496014,-0.932316
chr. 2-22,29920000-31840000,A,0.523113,0.731171,0.286593,-0.22659
chr. 2-23,31840000-32840000,A,0.44789,0.051748,0.633881,0.053527
chr. 2-24,32840000-35800000,A,0.661786,-0.617657,0.13547,-0.712404
chr. 2-25,35800000-36160000,M,0.381334,0.121859,-0.65801,-0.665642
chr. 2-26,36160000-37240000,B,0.401342,0.243017,-0.645922,-0.202646
chr. 2-27,37240000-39240000,A,0.5494,-0.932681,-0.677343,-0.243199
chr. 2-28,39240000-44280000,B,0.696067,-0.484576,-0.610426,0.696178
chr. 2-29,44280000-49200000,B,0.675874,0.70083,-0.414698,0.636298
chr. 2-30,49200000-50200000,A,0.383787,0.322369,0.541693,1.256197
chr. 2-31,50200000-51160000,B,0.339403,-0.215529,-0.011847,1.383253
chr. 2-32,51160000-52000000,M,0.387597,-0.45842,0.335606,1.103665
chr. 2-33,52000000-53080000,A,0.424394,-0.590975,0.769651,0.612772
chr. 2-34,53080000-56920000,B,0.652009,-0.902179,-0.269638,0.096531
chr. 2-35,56920000-57280000,M,0.348887,-0.580488,-0.051303,-0.753099
chr. 2-36,57280000-59360000,B,0.553618,-0.944101,0.352305,-0.517642
chr. 2-37,59360000-60560000,A,0.436918,-0.929698,0.655942,0.405457
chr. 2-38,60560000-63320000,B,0.621735,0.143531,1.024488,0.35141
chr. 2-39,63320000-66720000,B,0.677881,0.239027,0.592392,-0.766226
chr. 2-40,66720000-68600000,B,0.462539,-0.369366,1.027943,-0.366668
chr. 2-41,68600000-68960000,M,0.321786,0.361012,0.959913,-0.207897
chr. 2-42,68960000-69360000,B,0.302725,0.72564,0.971755,-0.391069
chr. 2-43,69360000-70480000,A,0.404296,0.867681,0.001796,-0.58961
chr. 2-44,70480000-75040000,A,0.707385,0.103852,-0.552719,-0.890334
chr. 2-45,75040000-77240000,A,0.5493,0.63465,0.52405,-0.892715
chr. 2-46,77240000-80160000,B,0.563935,1.131949,0.363915,0.223957
chr. 2-47,80160000-84280000,B,0.644809,0.047565,0.836425,0.343795
chr. 2-48,84280000-84720000,A,0.311423,-0.348174,0.711062,-0.763685
chr. 2-49,84720000-84840000,M,0.18625,-0.72187,0.852578,-0.442393
chr. 2-50,84840000-90640000,B,0.734637,-0.434914,0.076967,0.508455
chr. 2-51,90640000-94280000,A,0.75085,0.685323,-0.580653,0.351966
chr. 2-52,94280000-101480000,B,0.78964,-0.30839,-0.707826,0.042396
chr. 2-53,101480000-102320000,A,0.337855,0.130758,-0.933867,0.948956
chr. 2-54,102320000-103280000,B,0.361144,0.320506,-0.528123,1.203928
chr. 2-55,103280000-105160000,A,0.569656,0.7468,0.177229,0.640301
chr. 2-56,105160000-107800000,B,0.529235,0.963244,-0.612389,-0.290363
chr. 2-57,107800000-112080000,B,0.663816,-0.241158,-0.385149,-0.759266
chr. 2-58,112080000-113680000,B,0.476338,0.528527,-0.668624,-0.682898
chr. 2-59,113680000-118120000,B,0.692386,0.100254,-1.099174,0.334916
chr. 2-60,118120000-122200000,A,0.784033,0.198668,0.389959,0.696787
chr. 2-61,122200000-125400000,B,0.592351,0.451367,0.106564,-0.910756
chr. 2-62,125400000-125760000,M,0.407722,-0.222761,0.791246,-0.814961
chr. 2-63,125760000-126440000,B,0.378164,-0.380941,0.569325,-0.729673
chr. 2-64,126440000-132120000,A,0.777513,-0.886289,0.047879,0.01375
chr. 2-65,132120000-132800000,M,0.344886,-0.853071,0.681618,0.46243
chr. 2-66,132800000-138560000,B,0.732522,0.144737,0.885107,0.564125
chr. 2-67,138560000-143640000,B,0.710811,0.899778,0.057941,0.304436
chr. 2-68,143640000-144440000,A,0.459125,0.034968,-0.652425,0.644085
chr. 2-69,144440000-145440000,B,0.353475,0.019891,-0.093079,1.190827
chr. 2-70,145440000-145800000,A,0.250765,-0.295579,0.353882,1.204507
chr. 2-71,145800000-147160000,M,0.395391,-0.88091,0.399333,0.865684
chr. 2-72,147160000-149960000,B,0.579864,-0.785987,-0.482885,0.363022
chr. 2-73,149960000-150360000,M,0.280276,-0.452536,-0.125607,-0.251034
chr. 2-74,150360000-150880000,A,0.327763,-0.975555,0.169093,-0.251619
chr. 2-75,150880000-151360000,B,0.353545,-0.272984,0.141041,0.034492
chr. 2-76,151360000-152400000,A,0.440829,-0.306179,0.70049,-0.269686
chr. 2-77,152400000-156000000,A,0.727532,-0.134524,-0.306418,0.526732
chr. 2-78,156000000-158720000,A,0.593581,-0.433249,-0.570876,-0.622713
chr. 2-79,158720000-160440000,B,0.394932,-0.864803,0.593356,-0.388457
chr. 2-80,160440000-160880000,A,0.310793,-0.429819,0.29379,-0.864769
chr. 2-81,160880000-162760000,B,0.421781,0.146756,0.779121,-0.712443
chr. 2-82,162760000-164600000,A,0.466467,0.617821,-0.253968,-0.682521
chr. 2-83,164600000-168080000,A,0.598379,0.671317,-0.204888,0.416957
chr. 2-84,168080000-170760000,A,0.591797,0.168054,-0.902635,-0.47603
chr. 2-85,170760000-171280000,M,0.267443,-0.841182,-0.621394,-0.464866
chr. 2-86,171280000-174160000,A,0.610775,-0.289274,-0.832903,0.332035
chr. 2-87,174160000-178160000,M,0.529584,-0.244873,-0.140331,0.406828
chr. 2-88,178160000-181760000,A,0.682111,0.358852,0.453002,-0.010565
chr. 3-1,0-3400000,B,0.341214,0.592746,0.074037,-0.194301
chr. 3-2,3400000-8560000,B,0.655834,0.745386,-0.40487,-0.148721
chr. 3-3,8560000-10360000,A,0.45598,0.154824,0.489733,-0.844144
chr. 3-4,10360000-13880000,B,0.530986,0.317794,0.74266,0.201838
chr. 3-5,13880000-19040000,B,0.698044,-0.715647,0.110042,-0.002996
chr. 3-6,19040000-19440000,M,0.250554,-0.583852,-0.839368,-0.562978
chr. 3-7,19440000-19840000,B,0.284619,-0.26768,-0.943637,-0.409223
chr. 3-8,19840000-20120000,M,0.239701,-0.325921,-1.187567,-0.176382
chr. 3-9,20120000-26960000,B,0.759259,-0.460137,-0.398539,0.687081
chr. 3-10,26960000-28640000,A,0.460852,-0.833392,0.436574,-0.331106
chr. 3-11,28640000-28960000,M,0.389765,-0.691676,-0.19393,-0.225476
chr. 3-12,28960000-29680000,B,0.309787,-0.987887,-0.552983,-0.471631
chr. 3-13,29680000-30440000,M,0.316555,-0.790724,-0.37396,-0.893728
chr. 3-14,30440000-31080000,A,0.341189,-0.468675,0.251643,-0.961519
chr. 3-15,31080000-31680000,M,0.466846,0.001444,-0.019683,-0.798761
chr. 3-16,31680000-32240000,B,0.341622,0.392051,0.254769,-0.637813
chr. 3-17,32240000-33200000,A,0.420711,0.138977,0.234458,-0.937919
chr. 3-18,33200000-33720000,B,0.373368,-0.323753,-0.095232,-0.890031
chr. 3-19,33720000-36040000,A,0.500683,0.267637,-0.696474,-0.835514
chr. 3-20,36040000-37480000,A,0.422924,0.544124,-0.978625,-0.124035
chr. 3-21,37480000-38800000,M,0.398093,-0.333382,-1.214077,0.138435
chr. 3-22,38800000-40400000,B,0.40221,-0.907718,-0.641786,0.251083
chr. 3-23,40400000-41480000,A,0.385955,-0.407964,-0.806067,-0.341944
chr. 3-24,41480000-50080000,B,0.812247,0.338806,-0.305375,0.718022
chr. 3-25,50080000-51000000,M,0.391852,0.572768,0.829309,0.418917
chr. 3-26,51000000-55800000,A,0.814569,-0.008388,0.139307,0.86797
chr. 3-27,55800000-57080000,B,0.392716,-0.917877,0.444509,0.084572
chr. 3-28,57080000-57600000,A,0.360608,-0.503669,0.879372,-0.047144
chr. 3-29,57600000-58000000,B,0.317568,-0.18769,1.086741,-0.007249
chr. 3-30,58000000-58880000,A,0.379351,0.272836,1.017176,0.160521
chr. 3-31,58880000-61040000,B,0.506834,0.117602,0.892851,0.653709
chr. 3-32,61040000-63360000,B,0.504887,-0.240753,0.847905,-0.322212
chr. 3-33,63360000-63800000,M,0.345147,-0.385135,0.404521,-0.933167
chr. 3-34,63800000-65200000,B,0.52189,0.01734,0.161357,-0.675564
chr. 3-35,65200000-65800000,A,0.323346,0.745918,0.163242,-0.804738
chr. 3-36,65800000-66760000,M,0.365767,0.758597,0.73279,-0.548163
chr. 3-37,66760000-67440000,A,0.377213,0.772849,0.852621,-0.163269
chr. 3-38,67440000-67880000,B,0.336064,0.951868,0.664749,0.078676
chr. 3-39,67880000-68400000,M,0.329135,1.061167,0.399555,0.203495
chr. 3-40,68400000-69800000,A,0.425441,1.115966,-0.186551,-0.075837
chr. 3-41,69800000-78760000,B,0.846875,0.629116,-0.464765,-0.094955
chr. 3-42,78760000-79600000,A,0.346148,0.414964,-0.704489,0.970442
chr. 3-43,79600000-82640000,B,0.532344,0.032676,0.053311,1.195465
chr. 3-44,82640000-83080000,M,0.341118,-0.36988,0.568687,0.96863
chr. 3-45,83080000-83600000,B,0.352284,-0.503116,0.738251,0.772963
chr. 3-46,83600000-84760000,A,0.415219,-0.885181,0.304679,0.2449
chr. 3-47,84760000-87640000,A,0.55075,-0.771193,-0.63481,0.614296
chr. 3-48,87640000-89760000,A,0.580533,-0.256271,0.154384,0.372937
chr. 3-49,89760000-90480000,A,0.474915,-0.62387,-0.649673,-0.016657
chr. 3-50,90480000-92400000,B,0.481134,-0.302331,-0.422079,-0.379772
chr. 3-51,92400000-94720000,M,0.547331,-0.356546,0.243226,-0.215424
chr. 3-52,94720000-98440000,A,0.756225,-0.014963,-0.73775,-0.02988
chr. 3-53,98440000-99920000,M,0.431002,-0.590528,-0.733391,-0.196272
chr. 3-54,99920000-102120000,A,0.578569,0.305152,-1.138634,0.303676
chr. 3-55,102120000-104920000,A,0.58007,0.078474,-0.438806,1.107159
chr. 3-56,104920000-105840000,A,0.357875,0.889913,-0.688908,0.802928
chr. 3-57,105840000-106680000,B,0.356588,0.901537,-0.687173,0.27272
chr. 3-58,106680000-108840000,A,0.553896,0.836895,0.272857,0.660531
chr. 3-59,108840000-109320000,M,0.341562,0.798338,0.412083,-0.034238
chr. 3-60,109320000-111720000,B,0.496863,0.978628,0.066095,-0.481752
chr. 3-61,111720000-112160000,M,0.302873,0.561708,-0.515848,-0.614103
chr. 3-62,112160000-114520000,B,0.490586,0.685154,-0.858858,-0.099768
chr. 3-63,114520000-115360000,M,0.345154,0.117389,-1.142672,0.206321
chr. 3-64,115360000-116600000,A,0.425895,-0.318974,-0.876819,-0.395712
chr. 3-65,116600000-117200000,B,0.305267,-0.371586,-0.474626,-0.729575
chr. 3-66,117200000-118120000,M,0.321852,0.07722,-0.549688,-1.042487
chr. 3-67,118120000-119360000,B,0.359683,0.310588,-0.035113,-1.059086
chr. 3-68,119360000-119920000,A,0.346992,-0.009362,0.348162,-0.927241
chr. 3-69,119920000-120880000,B,0.372938,-0.046844,0.510153,-0.773826
chr. 3-70,120880000-123200000,A,0.529824,0.960535,-0.05693,-0.283332
chr. 3-71,123200000-124040000,B,0.340575,0.718784,-0.124789,0.578201
chr. 3-72,124040000-124480000,M,0.355397,0.704135,0.285224,0.641765
chr. 3-73,124480000-125520000,B,0.399889,0.571782,0.551024,0.413011
chr. 3-74,125520000-126680000,M,0.36035,0.596222,0.893978,-0.060837
chr. 3-75,126680000-127720000,A,0.408516,-0.140406,0.772837,-0.017353
chr. 3-76,127720000-128120000,M,0.356705,-0.314927,0.800997,-0.393371
chr. 3-77,128120000-128960000,B,0.362817,-0.171015,0.795872,-0.651313
chr. 3-78,128960000-131320000,A,0.554864,-0.715218,0.126468,-0.475896
chr. 3-79,131320000-132360000,B,0.342904,-0.999313,-0.217882,0.325004
chr. 3-80,132360000-132960000,A,0.327674,-0.848783,0.182806,0.665653
chr. 3-81,132960000-134920000,B,0.445608,-0.327554,-0.084717,0.988943
chr. 3-82,134920000-135520000,A,0.35931,-0.294344,0.685182,0.760273
chr. 3-83,135520000-136640000,B,0.3631,0.210079,0.910363,0.739682
chr. 3-84,136640000-137480000,M,0.35233,0.344166,0.862094,0.144669
chr. 3-85,137480000-138920000,A,0.442091,0.058968,0.504745,-0.509481
chr. 3-86,138920000-139520000,M,0.298968,-0.557757,0.417409,-0.382182
chr. 3-87,139520000-141920000,B,0.499795,-0.847489,0.323137,0.076151
chr. 3-88,141920000-142440000,M,0.345252,-0.333529,0.847972,0.369737
chr. 3-89,142440000-142560000,A,0.222423,-0.030586,0.541745,0.446963
chr. 3-90,142560000-144400000,M,0.450968,0.231964,0.406378,0.867454
chr. 3-91,144400000-146640000,A,0.495887,-0.406497,-0.358252,0.846849
chr. 3-92,146640000-148600000,M,0.431038,-0.157341,-0.926762,0.402149
chr. 3-93,148600000-149240000,A,0.303112,-0.705731,-0.827349,-0.04394
chr. 3-94,149240000-151360000,B,0.397306,-0.143868,-0.591206,-0.421502
chr. 3-95,151360000-151800000,M,0.286197,-0.617205,-0.068591,-0.304091
chr. 3-96,151800000-153600000,A,0.444275,-0.42167,0.349038,0.466091
chr. 3-97,153600000-153960000,M,0.284885,0.049084,-0.101382,0.989079
chr. 3-98,153960000-154280000,A,0.262121,0.179239,-0.333717,0.881833
chr. 3-99,154280000-156840000,B,0.367157,0.350946,-0.38764,0.580085
chr. 3-100,156840000-157840000,M,0.327725,0.709362,-0.437093,0.154382
chr. 3-101,157840000-159600000,B,0.372024,0.61208,0.070059,-0.29565
chr. 4-1,0-3440000,B,0.204723,0.044032,-0.066894,0.070318
chr. 4-2,3440000-3880000,M,0.403524,-0.120864,0.378874,0.433381
chr. 4-3,3880000-5240000,B,0.397122,0.215423,0.292388,0.909725
chr. 4-4,5240000-6480000,M,0.406199,0.849939,0.181133,0.699594
chr. 4-5,6480000-8600000,B,0.485233,0.881368,0.41112,0.005484
chr. 4-6,8600000-9760000,A,0.392485,0.333257,1.002703,-0.211348
chr. 4-7,9760000-10800000,B,0.350937,-0.022774,0.698309,-0.58152
chr. 4-8,10800000-12120000,A,0.472052,0.61508,0.34991,-0.867533
chr. 4-9,12120000-14400000,B,0.443169,1.027406,-0.509718,-0.481588
chr. 4-10,14400000-19480000,B,0.690955,-0.289372,-0.338233,-0.874746
chr. 4-11,19480000-21320000,B,0.461203,0.1404,-1.107148,-0.090065
chr. 4-12,21320000-21960000,A,0.42206,-0.478748,-1.016,0.131419
chr. 4-13,21960000-25240000,B,0.563969,-0.754307,-0.477601,0.645842
chr. 4-14,25240000-29240000,B,0.63867,-0.670657,0.546101,-0.038848
chr. 4-15,29240000-32040000,B,0.485674,-0.920665,-0.35398,-0.300336
chr. 4-16,32040000-33440000,A,0.47068,-0.016426,-0.336543,-1.161944
chr. 4-17,33440000-34480000,M,0.377572,0.112298,-1.104816,-0.733315
chr. 4-18,34480000-34880000,A,0.312804,0.697526,-1.081303,-0.427514
chr. 4-19,34880000-35280000,M,0.336675,0.546265,-1.26557,-0.005577
chr. 4-20,35280000-40640000,B,0.689895,0.261272,-0.816745,0.661734
chr. 4-21,40640000-43480000,A,0.600575,0.502201,-0.259505,-0.51142
chr. 4-22,43480000-46720000,A,0.641495,-0.217876,-0.929565,-0.104036
chr. 4-23,46720000-47440000,A,0.398075,0.876733,-0.62277,0.070566
chr. 4-24,47440000-48080000,B,0.31361,1.113401,-0.421674,0.504324
chr. 4-25,48080000-48440000,A,0.30673,0.826967,-0.550625,0.792853
chr. 4-26,48440000-54920000,B,0.809539,0.228994,0.338198,0.750653
chr. 4-27,54920000-55440000,A,0.330465,-0.87109,-0.378417,0.745485
chr. 4-28,55440000-56720000,B,0.405017,-0.946632,0.30124,0.53549
chr. 4-29,56720000-57960000,A,0.451164,-0.66073,0.673424,-0.087897
chr. 4-30,57960000-58800000,M,0.371504,-0.162934,0.929902,0.386271
chr. 4-31,58800000-58960000,A,0.177504,-0.090677,0.914425,0.921648
chr. 4-32,58960000-61920000,M,0.63681,0.409344,0.225391,0.460997
chr. 4-33,61920000-62920000,A,0.419394,0.58987,0.814326,0.146913
chr. 4-34,62920000-66160000,B,0.617295,0.371574,0.489543,-0.840155
chr. 4-35,66160000-70240000,B,0.644102,1.06031,-0.179732,-0.018668
chr. 4-36,70240000-74120000,B,0.620482,0.238609,-0.630523,-0.749534
chr. 4-37,74120000-77200000,B,0.571706,0.24822,0.578668,-0.904175
chr. 4-38,77200000-79760000,B,0.51636,0.782191,0.437177,0.260181
chr. 4-39,79760000-81880000,B,0.527034,0.022294,0.941658,0.399959
chr. 4-40,81880000-82280000,A,0.255095,-0.255122,1.265565,-0.181909
chr. 4-41,82280000-82880000,B,0.383056,-0.472339,1.008808,-0.256695
chr. 4-42,82880000-83280000,A,0.401343,-0.376772,0.582363,-0.447068
chr. 4-43,83280000-86200000,B,0.539946,-1.109553,0.153293,-0.307296
chr. 4-44,86200000-86600000,A,0.352784,-0.775212,-0.324265,0.1881
chr. 4-45,86600000-90800000,B,0.722068,-0.592836,-0.628613,0.566216
chr. 4-46,90800000-98040000,B,0.863297,-0.306774,-0.571966,-0.561174
chr. 4-47,98040000-98600000,M,0.329263,-0.919734,-0.794396,0.016645
chr. 4-48,98600000-99640000,A,0.414089,-0.954948,-0.349208,0.545038
chr. 4-49,99640000-100280000,M,0.296044,-0.924279,0.23993,0.865156
chr. 4-50,100280000-101040000,A,0.330285,-0.517621,0.452153,0.660635
chr. 4-51,101040000-101360000,M,0.333398,-0.149974,0.443463,0.987684
chr. 4-52,101360000-105960000,B,0.671989,0.12879,-0.601774,0.930377
chr. 4-53,105960000-109720000,A,0.753578,0.879294,-0.045268,-0.099554
chr. 4-54,109720000-115400000,B,0.699098,0.185945,-0.693017,-0.072186
chr. 4-55,115400000-116880000,A,0.607547,-0.157071,0.020372,-0.758202
chr. 4-56,116880000-119440000,A,0.609833,0.107743,0.842251,-0.012422
chr. 4-57,119440000-120640000,A,0.42359,0.282413,0.493161,-1.008802
chr. 4-58,120640000-120920000,M,0.278176,-0.334087,0.806161,-0.613387
chr. 4-59,120920000-122600000,B,0.423132,-0.369945,0.354053,-0.306564
chr. 4-60,122600000-123560000,A,0.406206,-0.415028,-0.054753,-0.998632
chr. 4-61,123560000-125720000,A,0.559548,-1.008682,0.135619,-0.237272
chr. 4-62,125720000-128840000,A,0.623884,-0.11158,0.378397,0.70578
chr. 4-63,128840000-130360000,A,0.496706,-0.08551,-0.795005,0.369685
chr. 4-64,130360000-131400000,A,0.350381,-0.86308,-0.420465,0.278975
chr. 4-65,131400000-133120000,A,0.570139,-0.013657,0.169281,0.548731
chr. 4-66,133120000-134960000,A,0.567434,0.569956,-0.508727,-0.09601
chr. 4-67,134960000-136920000,A,0.532618,0.189887,-0.125296,-0.978946
chr. 4-68,136920000-137960000,A,0.379695,-0.507507,0.296845,-0.573448
chr. 4-69,137960000-140640000,A,0.588485,0.361636,0.485485,-0.497801
chr. 4-70,140640000-141360000,A,0.359552,0.588881,-0.364813,-0.006806
chr. 4-71,141360000-142600000,M,0.409529,0.902945,0.445571,0.479848
chr. 4-72,142600000-143040000,A,0.281646,0.779313,0.631682,0.020766
chr. 4-73,143040000-144440000,B,0.432401,0.136071,0.525747,-0.021232
chr. 4-74,144440000-148040000,A,0.736634,-0.311191,-0.054878,0.27341
chr. 4-75,148040000-150400000,A,0.585365,-0.481632,-0.638851,-0.57805
chr. 4-76,150400000-154200000,A,0.617536,0.511463,-0.696367,0.159902
chr. 4-77,154200000-155640000,A,0.457553,-0.381423,-0.119666,0.473889
chr. 5-1,0-3680000,B,0.371836,0.514322,0.01526,0.412505
chr. 5-2,3680000-4200000,A,0.317156,1.016589,-0.259966,0.444369
chr. 5-3,4200000-9920000,B,0.744436,0.869625,0.079805,-0.56777
chr. 5-4,9920000-14920000,B,0.660794,0.160528,0.689614,0.247058
chr. 5-5,14920000-20280000,B,0.767582,-0.280687,-0.421331,-0.636232
chr. 5-6,20280000-21240000,A,0.403606,0.385165,-0.895896,0.044122
chr. 5-7,21240000-22840000,B,0.422676,0.230096,-0.654286,0.780452
chr. 5-8,22840000-24840000,A,0.514593,-0.601926,-0.436016,0.447753
chr. 5-9,24840000-27400000,M,0.543811,-0.68261,0.542228,0.214188
chr. 5-10,27400000-28000000,B,0.32092,-0.707108,0.679685,-0.335146
chr. 5-11,28000000-28440000,M,0.389297,-0.838041,0.207111,-0.264663
chr. 5-12,28440000-28800000,A,0.263389,-1.11715,-0.050246,-0.421841
chr. 5-13,28800000-29720000,B,0.392483,-0.839834,-0.133746,-0.671611
chr. 5-14,29720000-35000000,A,0.814132,0.23674,0.22039,-0.711625
chr. 5-15,35000000-37240000,A,0.537971,0.844308,0.420294,0.373732
chr. 5-16,37240000-39160000,A,0.553217,-0.229484,0.843556,0.483047
chr. 5-17,39160000-44120000,B,0.723319,-0.537008,-0.506001,0.459455
chr. 5-18,44120000-44680000,M,0.356967,0.016703,-1.267043,-0.261347
chr. 5-19,44680000-47480000,B,0.566889,0.544863,-0.880334,0.176352
chr. 5-20,47480000-53680000,B,0.76043,0.536426,0.194452,0.824557
chr. 5-21,53680000-54120000,M,0.251119,-0.815663,0.199323,0.829972
chr. 5-22,54120000-58120000,B,0.612717,-0.654311,0.591105,-0.081184
chr. 5-23,58120000-64200000,B,0.833706,0.345427,0.62767,-0.558472
chr. 5-24,64200000-65320000,B,0.40665,-0.845606,0.11828,-0.726927
chr. 5-25,65320000-67720000,A,0.648203,-0.336436,0.744855,-0.382255
chr. 5-26,67720000-73360000,B,0.786925,0.83666,-0.249639,-0.496331
chr. 5-27,73360000-75600000,A,0.540469,-0.217961,0.009298,-1.103217
chr. 5-28,75600000-76200000,B,0.293295,0.528801,-0.052803,-1.205308
chr. 5-29,76200000-77800000,A,0.527529,0.71446,0.473755,-0.767572
chr. 5-30,77800000-83960000,B,0.742284,0.603797,0.500319,0.417541
chr. 5-31,83960000-88920000,B,0.802921,-0.410717,0.078952,0.422599
chr. 5-32,88920000-89280000,A,0.318202,-0.00595,-0.937779,0.741093
chr. 5-33,89280000-92360000,B,0.616124,0.121561,-1.104335,-0.043527
chr. 5-34,92360000-93080000,A,0.403971,0.858826,-0.534753,-0.674737
chr. 5-35,93080000-96760000,M,0.654703,0.515261,-0.234757,-0.544978
chr. 5-36,96760000-100360000,B,0.606649,-0.650041,-0.491541,-0.619785
chr. 5-37,100360000-101360000,A,0.419809,-0.024831,-1.061412,0.00568
chr. 5-38,101360000-102160000,B,0.36475,-0.473541,-0.680122,0.460233
chr. 5-39,102160000-102600000,A,0.353112,-0.147922,-0.687319,0.880594
chr. 5-40,102600000-103800000,B,0.395274,-0.122103,-0.233762,1.144954
chr. 5-41,103800000-104960000,A,0.443581,0.536894,-0.726379,0.835031
chr. 5-42,104960000-105800000,M,0.401615,0.456174,-0.500719,0.067322
chr. 5-43,105800000-109200000,A,0.699298,1.047688,0.139399,0.412674
chr. 5-44,109200000-110520000,B,0.421306,0.269792,0.330668,-0.525336
chr. 5-45,110520000-112880000,A,0.601198,0.943497,-0.416525,-0.213591
chr. 5-46,112880000-116040000,A,0.667774,-0.204443,-0.495327,0.219137
chr. 5-47,116040000-118440000,A,0.52965,0.271593,0.343149,0.88555
chr. 5-48,118440000-120960000,A,0.529265,0.411199,0.947671,-0.02321
chr. 5-49,120960000-121240000,A,0.273596,0.796733,0.256616,0.283719
chr. 5-50,121240000-123240000,A,0.56982,0.657863,-0.186638,-0.525841
chr. 5-51,123240000-126000000,A,0.640761,-0.367856,-0.047788,-0.466404
chr. 5-52,126000000-126960000,B,0.33694,-0.083464,0.788722,0.73734
chr. 5-53,126960000-127680000,M,0.35936,-0.366456,1.018754,0.494627
chr. 5-54,127680000-128160000,A,0.293643,-0.657403,1.032261,0.100546
chr. 5-55,128160000-128960000,M,0.346908,-0.310345,1.105934,-0.20488
chr. 5-56,128960000-130800000,A,0.533697,-0.481347,0.339603,-0.656948
chr. 5-57,130800000-131400000,M,0.264417,-1.116394,0.373535,-0.263659
chr. 5-58,131400000-132600000,A,0.357084,-1.051456,0.289193,0.337276
chr. 5-59,132600000-133080000,M,0.243858,-1.085537,-0.310962,0.377795
chr. 5-60,133080000-134600000,B,0.408667,-0.655889,-0.242897,0.765748
chr. 5-61,134600000-135920000,A,0.451696,0.277838,0.454292,0.553679
chr. 5-62,135920000-139240000,A,0.563505,-0.253975,0.726878,-0.112856
chr. 5-63,139240000-142800000,A,0.66109,0.630373,0.423651,-0.590422
chr. 5-64,142800000-146000000,A,0.589177,0.367689,-0.285448,0.415634
chr. 5-65,146000000-147000000,B,0.366074,0.453719,0.055787,0.139124
chr. 5-66,147000000-147440000,M,0.296052,0.566013,-0.31637,-0.31713
chr. 5-67,147440000-151320000,A,0.659757,-0.182755,-0.772233,-0.481396
chr. 5-68,151320000-152560000,B,0.411336,-0.210976,0.2123,-0.979255
chr. 6-1,0-3440000,B,0.374428,0.112003,0.069531,0.336115
chr. 6-2,3440000-4560000,B,0.371103,0.539713,0.130231,0.800821
chr. 6-3,4560000-5560000,A,0.340953,0.356372,-0.533534,0.789855
chr. 6-4,5560000-5920000,M,0.263601,0.835546,-0.703812,0.409365
chr. 6-5,5920000-6280000,A,0.312457,0.921984,-0.687221,0.264763
chr. 6-6,6280000-8160000,B,0.447782,0.972391,-0.356107,-0.179455
chr. 6-7,8160000-8840000,M,0.313442,0.990705,0.342571,0.076452
chr. 6-8,8840000-14800000,B,0.633909,0.229378,0.392056,-0.586193
chr. 6-9,14800000-17600000,B,0.509724,-0.652871,-0.241606,-0.968748
chr. 6-10,17600000-18040000,M,0.29273,-0.768907,-0.892586,-0.659257
chr. 6-11,18040000-21720000,B,0.559702,0.062836,-0.944027,-0.188428
chr. 6-12,21720000-22520000,M,0.332464,-0.544972,-1.013621,0.31088
chr. 6-13,22520000-23120000,B,0.311348,-0.554983,-0.714841,0.58587
chr. 6-14,23120000-23480000,M,0.303363,-0.922585,-0.62855,0.377347
chr. 6-15,23480000-27560000,B,0.669698,-0.64368,0.166361,0.404219
chr. 6-16,27560000-28400000,M,0.329447,-0.915289,0.672994,-0.038425
chr. 6-17,28400000-29680000,A,0.503311,-0.612089,0.390785,-0.772324
chr. 6-18,29680000-31480000,A,0.520494,0.52123,-0.180067,-0.731816
chr. 6-19,31480000-34320000,A,0.528786,0.272549,0.765721,-0.802899
chr. 6-20,34320000-35240000,A,0.382201,0.120115,-0.08509,-1.193598
chr. 6-21,35240000-37000000,B,0.433782,0.575324,-0.710709,-0.461619
chr. 6-22,37000000-39840000,A,0.670317,-0.624954,-0.459322,-0.396105
chr. 6-23,39840000-40320000,M,0.303184,-0.989717,-0.50612,0.419215
chr. 6-24,40320000-42160000,B,0.501847,-0.718261,0.212932,0.611126
chr. 6-25,42160000-42560000,A,0.323075,-0.582613,0.222413,1.085939
chr. 6-26,42560000-47120000,B,0.620912,0.217977,-0.335941,0.837859
chr. 6-27,47120000-48080000,A,0.614127,0.518898,0.477456,0.42659
chr. 6-28,48080000-50560000,A,0.573025,0.346405,0.921136,-0.08442
chr. 6-29,50560000-52960000,A,0.51914,0.567143,0.750406,0.798802
chr. 6-30,52960000-55520000,A,0.566043,-0.558736,0.613293,0.775685
chr. 6-31,55520000-56680000,B,0.390533,-1.148884,0.372961,-0.073067
chr. 6-32,56680000-56960000,M,0.304198,-0.992579,0.243266,-0.506495
chr. 6-33,56960000-58440000,B,0.429235,-0.453606,0.351431,-0.604459
chr. 6-34,58440000-58840000,M,0.331229,-0.561988,0.976943,-0.485301
chr. 6-35,58840000-64600000,B,0.723841,0.051837,0.983021,0.131105
chr. 6-36,64600000-66520000,B,0.455139,0.249075,0.60331,-0.880069
chr. 6-37,66520000-67280000,M,0.418408,-0.406759,0.33036,-0.775365
chr. 6-38,67280000-70720000,B,0.559065,-0.183404,-0.000574,0.076689
chr. 6-39,70720000-73320000,A,0.593156,0.538306,-0.624043,-0.060264
chr. 6-40,73320000-81880000,B,0.930206,0.546159,0.248391,-0.220442
chr. 6-41,81880000-83680000,A,0.556404,0.146534,-0.3977,0.900134
chr. 6-42,83680000-87720000,A,0.664923,-0.709292,0.088183,0.484277
chr. 6-43,87720000-89640000,A,0.520194,0.276745,-0.018873,1.057467
chr. 6-44,89640000-90320000,B,0.371358,0.721521,-0.340352,0.354738
chr. 6-45,90320000-92720000,A,0.544465,-0.085031,-0.902203,0.59369
chr. 6-46,92720000-95000000,A,0.510898,0.670532,-0.915076,-0.172589
chr. 6-47,95000000-95760000,M,0.336484,0.423972,-0.453012,-0.955352
chr. 6-48,95760000-97080000,B,0.374068,-0.11082,-0.357685,-1.071962
chr. 6-49,97080000-98040000,A,0.341034,-0.170845,-1.060713,-0.660384
chr. 6-50,98040000-98400000,B,0.26712,-0.42969,-1.138354,-0.186237
chr. 6-51,98400000-100880000,A,0.551274,-0.855581,-0.543251,-0.387619
chr. 6-52,100880000-103680000,B,0.536335,-0.645261,-0.459715,0.62113
chr. 6-53,103680000-108040000,B,0.652055,0.596991,-0.539325,0.684096
chr. 6-54,108040000-108760000,A,0.353936,0.995493,0.30329,0.114474
chr. 6-55,108760000-112480000,B,0.573928,0.899423,-0.327478,-0.505324
chr. 6-56,112480000-116600000,A,0.738323,-0.032385,-0.678639,-0.385413
chr. 6-57,116600000-117800000,M,0.395148,0.682172,-0.334724,0.647631
chr. 6-58,117800000-121200000,A,0.71061,0.703295,-0.019275,-0.458457
chr. 6-59,121200000-121560000,M,0.317446,0.397635,0.902685,-0.432765
chr. 6-60,121560000-122200000,B,0.302092,0.309277,0.481181,-0.028223
chr. 6-61,122200000-122480000,M,0.208307,0.756177,0.71432,-0.57047
chr. 6-62,122480000-122840000,A,0.305345,0.50332,0.241023,-0.719373
chr. 6-63,122840000-124320000,B,0.419187,-0.272656,0.071324,-0.631793
chr. 6-64,124320000-126440000,A,0.585875,-0.153559,0.79265,-0.047322
chr. 6-65,126440000-128800000,A,0.580163,-0.812421,0.234325,-0.236379
chr. 6-66,128800000-133840000,B,0.626382,-0.199327,-0.171885,-0.065209
chr. 6-67,133840000-137760000,A,0.607316,0.050062,0.739492,-0.550068
chr. 6-68,137760000-140080000,B,0.48288,0.525429,0.83087,0.207996
chr. 6-69,140080000-140680000,A,0.314504,-0.34676,1.204664,0.300556
chr. 6-70,140680000-142320000,B,0.405662,-0.383522,0.779597,0.816116
chr. 6-71,142320000-143240000,A,0.344076,0.39649,0.74396,0.911343
chr. 6-72,143240000-144920000,B,0.389534,0.229246,0.018818,1.075033
chr. 6-73,144920000-149520000,A,0.685854,-0.786234,-0.107924,0.44631
chr. 7-1,0-4040000,B,0.433217,0.390753,0.458388,0.032591
chr. 7-2,4040000-5040000,A,0.400602,0.288912,0.39798,0.544314
chr. 7-3,5040000-6080000,B,0.351081,0.476044,-0.549454,0.572962
chr. 7-4,6080000-6360000,A,0.28248,0.943845,-0.248794,0.344881
chr. 7-5,6360000-13360000,B,0.6833,0.12987,-0.524478,-0.023262
chr. 7-6,13360000-13640000,A,0.295815,0.016787,-0.937823,-0.65941
chr. 7-7,13640000-16520000,B,0.53165,0.276543,-0.161289,-0.442212
chr. 7-8,16520000-16880000,A,0.331539,-0.501027,0.506085,-0.472164
chr. 7-9,16880000-19480000,B,0.641783,-0.56426,-0.258827,-0.015905
chr. 7-10,19480000-19920000,A,0.335401,-0.260109,0.018726,-0.693741
chr. 7-11,19920000-24800000,B,0.604014,0.262278,0.120663,-0.124219
chr. 7-12,24800000-26600000,A,0.5254,0.13339,0.693175,-0.083419
chr. 7-13,26600000-27960000,B,0.406767,-0.378164,-0.037177,0.632682
chr. 7-14,27960000-31960000,A,0.7597,-0.382568,-0.206451,-0.54278
chr. 7-15,31960000-34920000,B,0.509763,0.231149,-0.071173,-0.389941
chr. 7-16,34920000-36680000,A,0.562124,0.711426,-0.627013,0.051883
chr. 7-17,36680000-37360000,B,0.351151,0.548374,-0.657033,0.816108
chr. 7-18,37360000-37760000,A,0.334493,0.525817,-0.387257,0.94961
chr. 7-19,37760000-38160000,B,0.281744,0.328468,-0.568434,1.149336
chr. 7-20,38160000-38720000,A,0.320985,-0.081486,-0.749481,0.994867
chr. 7-21,38720000-47560000,B,0.642752,0.264955,0.235405,0.770692
chr. 7-22,47560000-50480000,B,0.621794,-0.259402,0.345459,0.493359
chr. 7-23,50480000-54440000,A,0.737908,-0.403394,-0.64376,0.301927
chr. 7-24,54440000-56040000,B,0.456086,-0.609257,-0.09515,-0.522475
chr. 7-25,56040000-57200000,A,0.428423,-1.28087,-0.36243,0.078208
chr. 7-26,57200000-63040000,B,0.733979,-0.547165,0.711962,0.082412
chr. 7-27,63040000-63520000,A,0.380342,0.09132,0.675156,-0.920289
chr. 7-28,63520000-64760000,B,0.392132,-0.353746,0.377079,-1.189783
chr. 7-29,64760000-65200000,M,0.297235,-0.536668,-0.191349,-1.253737
chr. 7-30,65200000-70880000,B,0.787389,0.478373,0.128968,-0.492848
chr. 7-31,70880000-71560000,A,0.375639,0.837887,-0.813525,-0.029622
chr. 7-32,71560000-71960000,B,0.404838,0.636899,-1.018588,0.022925
chr. 7-33,71960000-73920000,A,0.54749,0.149188,-1.038894,-0.402967
chr. 7-34,73920000-74360000,M,0.334539,0.405326,-0.526998,-0.91675
chr. 7-35,74360000-75520000,A,0.400436,0.899056,-0.366004,-0.91945
chr. 7-36,75520000-80560000,B,0.677613,1.118591,0.069592,0.225352
chr. 7-37,80560000-80840000,A,0.262834,0.483895,0.756233,-0.391062
chr. 7-38,80840000-82280000,B,0.460722,0.411861,1.010959,0.273721
chr. 7-39,82280000-83040000,M,0.378119,-0.193725,1.130688,-0.013524
chr. 7-40,83040000-85960000,B,0.560993,-0.215102,0.626516,-0.81265
chr. 7-41,85960000-89480000,A,0.719133,-0.293203,0.202031,0.750221
chr. 7-42,89480000-89800000,B,0.342147,-0.644115,-0.747784,0.821224
chr. 7-43,89800000-90160000,M,0.274097,-0.668964,-0.78848,0.570959
chr. 7-44,90160000-94760000,B,0.723453,0.304441,-0.750404,0.127632
chr. 7-45,94760000-97040000,B,0.510142,-0.185509,-0.909022,-0.920113
chr. 7-46,97040000-97600000,M,0.347863,-0.974989,-0.603532,-0.626744
chr. 7-47,97600000-99720000,B,0.526666,-0.874379,-0.814156,0.001328
chr. 7-48,99720000-100120000,A,0.343485,-0.871972,-0.432589,0.626222
chr. 7-49,100120000-103160000,B,0.564132,-0.097758,-0.635649,0.74898
chr. 7-50,103160000-103640000,M,0.302978,-0.353963,0.344709,0.977534
chr. 7-51,103640000-104120000,A,0.365115,-0.070616,0.287752,1.220506
chr. 7-52,104120000-104520000,B,0.325659,0.311126,0.356828,1.063088
chr. 7-53,104520000-106320000,A,0.510838,0.949656,-0.131591,0.379862
chr. 7-54,106320000-109680000,A,0.634126,0.672659,0.555799,-0.249132
chr. 7-55,109680000-116120000,B,0.819726,-0.439024,-0.063102,-0.54122
chr. 7-56,116120000-116640000,M,0.327552,-0.848874,-0.67866,-0.515228
chr. 7-57,116640000-119160000,A,0.682957,0.338544,-0.485464,-0.735147
chr. 7-58,119160000-122000000,A,0.596427,-0.394407,0.14763,-1.143335
chr. 7-59,122000000-123200000,B,0.371025,0.335125,0.918021,-0.885701
chr. 7-60,123200000-123800000,A,0.451539,-0.040691,0.938169,-0.821599
chr. 7-61,123800000-125240000,B,0.413261,-0.447559,1.156703,-0.362811
chr. 7-62,125240000-126200000,A,0.423801,-0.065803,0.927652,0.341191
chr. 7-63,126200000-127760000,B,0.438601,-0.847802,0.823522,0.280342
chr. 7-64,127760000-128280000,A,0.35264,-1.088199,0.434412,-0.187483
chr. 7-65,128280000-128800000,M,0.314188,-1.04324,0.463252,-0.556322
chr. 7-66,128800000-130680000,A,0.549292,-0.97989,-0.36022,-0.070088
chr. 7-67,130680000-132520000,B,0.417924,-0.766996,0.25519,0.851663
chr. 7-68,132520000-135960000,A,0.781449,0.342788,-0.267073,0.436022
chr. 7-69,135960000-137120000,B,0.364967,0.204517,1.053216,0.666759
chr. 7-70,137120000-139080000,A,0.545766,-0.345854,1.077432,0.12326
chr. 7-71,139080000-141040000,A,0.529663,0.267933,0.910281,-0.680957
chr. 7-72,141040000-141800000,B,0.314324,1.011939,0.781557,-0.173598
chr. 7-73,141800000-143000000,M,0.387304,1.006394,0.101355,-0.277898
chr. 7-74,143000000-143680000,B,0.316226,1.1336,-0.001602,0.287273
chr. 7-75,143680000-146040000,M,0.502068,0.769299,0.243825,0.783186
chr. 7-76,146040000-147400000,A,0.479382,-0.000156,-0.327239,0.779169
chr. 7-77,147400000-148000000,B,0.339318,0.388435,-0.764021,0.292391
chr. 7-78,148000000-152520000,A,0.725149,-0.166562,-0.440405,-0.407053
chr. 8-1,0-3720000,B,0.344778,0.067692,0.683252,0.450206
chr. 8-2,3720000-8720000,B,0.736197,0.827778,-0.226381,0.099103
chr. 8-3,8720000-9200000,M,0.26342,1.02974,0.172324,-0.696697
chr. 8-4,9200000-10440000,B,0.378001,0.559547,0.574114,-0.760417
chr. 8-5,10440000-14160000,A,0.660325,0.554549,0.733135,-0.157423
chr. 8-6,14160000-15120000,M,0.328402,0.099925,0.057684,-0.910552
chr. 8-7,15120000-18560000,B,0.559555,-0.650024,0.406957,-0.557469
chr. 8-8,18560000-18960000,A,0.296382,-0.514721,-0.547716,-0.691169
chr. 8-9,18960000-23200000,M,0.57892,-0.119126,-0.079139,0.274356
chr. 8-10,23200000-27320000,A,0.690135,-0.693853,0.369804,0.610283
chr. 8-11,27320000-28120000,B,0.312836,-1.139742,0.077736,-0.220298
chr. 8-12,28120000-28480000,A,0.301021,-0.536671,0.191448,-0.461049
chr. 8-13,28480000-34320000,B,0.704979,-0.565251,-0.759536,-0.324971
chr. 8-14,34320000-36560000,A,0.561729,0.42233,-0.955983,0.242786
chr. 8-15,36560000-36920000,M,0.253872,0.478372,-1.010895,0.955102
chr. 8-16,36920000-37840000,A,0.345093,0.472802,-0.603129,1.19289
chr. 8-17,37840000-41240000,B,0.577544,-0.433912,-0.242751,1.018833
chr. 8-18,41240000-41640000,A,0.266093,-0.306938,-0.938511,1.063425
chr. 8-19,41640000-42040000,M,0.378053,-0.082185,-0.934266,0.726321
chr. 8-20,42040000-42520000,A,0.354469,0.249878,-1.033459,0.737011
chr. 8-21,42520000-46480000,B,0.651527,0.466263,-0.829278,-0.016967
chr. 8-22,46480000-49240000,A,0.531141,0.820082,0.001208,0.829268
chr. 8-23,49240000-49720000,M,0.300592,0.696165,0.699788,1.02597
chr. 8-24,49720000-55600000,B,0.76706,-0.537735,0.266876,0.778476
chr. 8-25,55600000-58560000,B,0.433174,-0.402024,0.874932,0.548855
chr. 8-26,58560000-59880000,B,0.412712,-0.095178,1.268085,0.214202
chr. 8-27,59880000-60360000,A,0.334186,-0.275019,1.183701,-0.345889
chr. 8-28,60360000-63480000,B,0.561792,-0.268378,0.595695,-0.649202
chr. 8-29,63480000-64040000,M,0.297478,0.729344,0.930808,-0.503239
chr. 8-30,64040000-67080000,B,0.551097,0.824682,0.503149,0.313842
chr. 8-31,67080000-67520000,A,0.359086,1.123327,-0.100216,-0.149008
chr. 8-32,67520000-71280000,B,0.617671,0.664764,-0.11473,-0.809633
chr. 8-33,71280000-71800000,A,0.293954,0.241135,-0.906544,-0.770587
chr. 8-34,71800000-74280000,A,0.55041,0.027416,-0.520635,0.169078
chr. 8-35,74280000-75440000,A,0.49322,-0.519798,-0.108991,-0.547339
chr. 8-36,75440000-77520000,B,0.45385,0.010887,0.511811,-0.905389
chr. 8-37,77520000-77840000,M,0.332158,0.660471,0.296031,-0.495544
chr. 8-38,77840000-80560000,B,0.551678,0.640926,0.820572,0.079412
chr. 8-39,80560000-82240000,A,0.482752,-0.290982,0.923179,0.819943
chr. 8-40,82240000-83240000,B,0.321196,-0.812313,1.023588,-0.033714
chr. 8-41,83240000-83560000,A,0.355406,-1.060396,0.62931,-0.129416
chr. 8-42,83560000-85280000,B,0.423434,-0.848476,0.218329,-0.630856
chr. 8-43,85280000-86160000,M,0.403447,-1.137565,0.056047,-0.01223
chr. 8-44,86160000-88600000,A,0.649046,-0.100961,-0.201505,0.78138
chr. 8-45,88600000-89120000,M,0.313926,0.121766,-0.948951,0.756572
chr. 8-46,89120000-92360000,A,0.655939,-0.806829,-0.825137,0.338391
chr. 8-47,92360000-93320000,M,0.371468,-0.509623,-1.124799,-0.435123
chr. 8-48,93320000-95560000,A,0.51457,0.221685,-1.191533,-0.171092
chr. 8-49,95560000-96080000,B,0.326033,0.425561,-0.594526,-0.616996
chr. 8-50,96080000-96480000,M,0.287656,0.105026,-0.771126,-0.869143
chr. 8-51,96480000-98480000,A,0.611802,-0.663062,-0.483973,-0.26221
chr. 8-52,98480000-106600000,B,0.795368,0.404808,-0.504316,0.713384
chr. 8-53,106600000-107160000,A,0.298102,1.022003,-0.052536,-0.318273
chr. 8-54,107160000-107680000,B,0.36597,0.755503,0.218978,0.037756
chr. 8-55,107680000-110160000,A,0.5658,0.152548,0.771408,-0.511891
chr. 8-56,110160000-114560000,A,0.700731,0.085859,-0.274123,-0.777774
chr. 8-57,114560000-119440000,B,0.675651,-0.715911,0.215322,0.634811
chr. 8-58,119440000-120440000,A,0.410517,-0.191328,0.697508,-0.396077
chr. 8-59,120440000-121880000,B,0.39617,0.186375,0.937948,0.082297
chr. 8-60,121880000-126560000,A,0.703581,0.473714,0.194846,0.357198
chr. 8-61,126560000-130160000,A,0.696165,-0.742879,0.418029,-0.282076
chr. 8-62,130160000-131760000,B,0.464043,-0.602043,-0.638917,-0.43144
chr. 9-1,0-3440000,B,0.32194,0.072694,-0.002208,0.541796
chr. 9-2,3440000-7600000,B,0.689419,0.797818,-0.396516,0.363966
chr. 9-3,7600000-8200000,M,0.353093,0.839683,0.063608,-0.712182
chr. 9-4,8200000-13200000,B,0.696394,0.433559,0.810552,0.210377
chr. 9-5,13200000-13680000,M,0.324101,1.062696,0.525388,0.092554
chr. 9-6,13680000-15120000,A,0.464286,0.818221,0.467522,-0.682375
chr. 9-7,15120000-15520000,M,0.294827,0.104186,0.690813,-1.089886
chr. 9-8,15520000-20240000,B,0.764984,-0.31827,0.214749,-0.629121
chr. 9-9,20240000-22320000,A,0.591621,0.402217,0.122872,0.072469
chr. 9-10,22320000-22840000,M,0.359547,-0.269015,0.566402,0.691164
chr. 9-11,22840000-26800000,B,0.674844,-0.735224,0.558198,0.269554
chr. 9-12,26800000-27200000,A,0.331887,-0.822586,0.387214,-0.8238
chr. 9-13,27200000-30840000,B,0.568042,-1.021215,-0.348586,-0.388297
chr. 9-14,30840000-31320000,A,0.334413,-0.312389,-0.512769,-0.738493
chr. 9-15,31320000-31760000,M,0.30718,-0.095492,-0.925746,-0.878874
chr. 9-16,31760000-32120000,A,0.299105,0.29346,-0.987247,-0.907061
chr. 9-17,32120000-36600000,B,0.679141,0.231916,-0.245866,-0.813101
chr. 9-18,36600000-37480000,A,0.357515,-0.083592,-1.318563,0.030476
chr. 9-19,3.75E+11,B,0.531107,-0.525104,-0.544819,0.558152
chr. 9-20,40000000-42800000,A,0.596715,0.374159,-1.062099,0.089956
chr. 9-21,42800000-46160000,A,0.686123,-0.637832,-0.673602,0.279621
chr. 9-22,46160000-46560000,A,0.300779,0.09687,-0.942786,0.835082
chr. 9-23,46560000-51000000,A,0.705852,0.834827,-0.311148,0.703591
chr. 9-24,51000000-51800000,B,0.342609,0.572118,0.882468,0.683521
chr. 9-25,51800000-52160000,M,0.284455,0.400983,0.67472,1.078648
chr. 9-26,52160000-52920000,B,0.366584,0.051396,0.610199,1.113436
chr. 9-27,52920000-55400000,A,0.65423,-0.336019,0.106601,1.000992
chr. 9-28,55400000-55920000,M,0.346551,-0.896779,0.161004,0.123783
chr. 9-29,55920000-58200000,A,0.681206,-0.501255,-0.295624,0.623352
chr. 9-30,58200000-62600000,A,0.703908,-0.41003,0.860386,0.35426
chr. 9-31,62600000-65920000,A,0.643155,-0.38893,0.281372,-0.801994
chr. 9-32,65920000-67880000,A,0.55046,0.537616,0.786696,-0.617787
chr. 9-33,67880000-69200000,B,0.450387,0.972167,0.503167,0.195453
chr. 9-34,69200000-73000000,A,0.595668,0.914706,-0.286589,-0.461412
chr. 9-35,73000000-74760000,B,0.485376,-0.246596,-0.497954,-0.784671
chr. 9-36,74760000-75480000,A,0.369946,-0.053813,0.168509,-1.171451
chr. 9-37,75480000-77240000,B,0.446534,-0.013969,0.898401,-0.731664
chr. 9-38,77240000-78480000,A,0.512149,0.600598,0.438084,-0.553846
chr. 9-39,78480000-82760000,B,0.673277,0.254912,0.872942,0.355143
chr. 9-40,82760000-86800000,B,0.66038,-0.845734,0.206607,0.24179
chr. 9-41,86800000-89280000,B,0.515957,0.021749,0.127911,0.837932
chr. 9-42,89280000-95320000,B,0.686547,0.520206,-0.766805,0.371777
chr. 9-43,95320000-97120000,A,0.525077,-0.139154,-0.861677,-0.68825
chr. 9-44,97120000-98480000,B,0.378965,-0.657961,-1.067346,0.161155
chr. 9-45,98480000-99600000,A,0.441028,-0.923537,-0.299808,-0.340219
chr. 9-46,99600000-100360000,B,0.353264,-1.078189,0.183655,0.271405
chr. 9-47,100360000-100880000,A,0.312188,-0.986032,-0.409249,0.172047
chr. 9-48,100880000-102440000,B,0.411496,-0.695631,-0.110575,0.863104
chr. 9-49,102440000-104320000,A,0.520802,-0.025104,-0.62942,1.010931
chr. 9-50,104320000-105320000,B,0.333951,0.442753,0.285467,1.166962
chr. 9-51,105320000-109160000,A,0.803394,0.406189,-0.463047,0.309348
chr. 9-52,109160000-109760000,B,0.319766,-0.109133,0.357488,0.026119
chr. 9-53,109760000-111360000,A,0.613596,0.516374,0.068053,0.490523
chr. 9-54,111360000-114320000,B,0.572873,0.66346,-0.200153,-0.617468
chr. 9-55,114320000-115000000,A,0.387888,-0.06769,-0.643476,-0.216242
chr. 9-56,115000000-117960000,B,0.559664,-0.487189,-0.071947,-0.683676
chr. 9-57,117960000-118480000,M,0.338029,-0.272705,0.537768,-0.966109
chr. 9-58,118480000-121680000,A,0.661487,-0.082967,0.872746,0.087599
chr. 9-59,121680000-124080000,A,0.591451,0.801604,0.584066,0.019941
chr. 10-1,0-4480000,B,0.408262,0.298393,0.369193,0.79946
chr. 10-2,4480000-5960000,M,0.419236,0.895981,-0.289029,0.472905
chr. 10-3,5960000-6400000,A,0.335425,0.738837,-0.614115,-0.190182
chr. 10-4,6400000-6840000,M,0.260429,1.146109,-0.368424,-0.369346
chr. 10-5,6840000-7280000,B,0.407709,0.691474,-0.028175,-0.241333
chr. 10-6,7280000-8440000,A,0.361892,1.050978,0.344204,0.195744
chr. 10-7,8440000-8800000,M,0.30483,0.850098,0.484935,-0.237396
chr. 10-8,8800000-9480000,B,0.285466,0.820709,0.921506,-0.152583
chr. 10-9,9480000-10040000,M,0.276446,0.334599,1.016024,-0.24456
chr. 10-10,10040000-11680000,B,0.487734,0.384069,0.600078,-0.641721
chr. 10-11,11680000-13240000,A,0.408766,0.709168,-0.100755,-0.882681
chr. 10-12,13240000-14120000,M,0.317691,0.328499,-0.557012,-1.060414
chr. 10-13,14120000-17480000,B,0.576167,-0.648506,-0.012752,-0.751625
chr. 10-14,17480000-20040000,A,0.52294,-0.135566,-0.921068,-0.390284
chr. 10-15,20040000-22840000,A,0.611717,0.253237,-0.626696,0.55639
chr. 10-16,22840000-23520000,M,0.307427,-0.410612,-0.64136,0.787391
chr. 10-17,23520000-25840000,A,0.544871,-1.041183,-0.161144,0.398656
chr. 10-18,25840000-26800000,M,0.374616,-0.791542,0.685312,0.469898
chr. 10-19,26800000-27520000,B,0.343437,-0.188538,0.863222,0.334782
chr. 10-20,27520000-28640000,M,0.375476,-0.443688,1.062109,-0.085051
chr. 10-21,28640000-30240000,B,0.410586,-0.273891,0.676401,-0.808174
chr. 10-22,30240000-30600000,A,0.396381,-0.2197,0.047126,-0.976475
chr. 10-23,30600000-31040000,B,0.349558,0.05135,0.051513,-1.073774
chr. 10-24,31040000-31440000,M,0.303556,-0.474419,-0.160043,-1.135591
chr. 10-25,31440000-33720000,B,0.485564,-0.864742,-0.171001,-0.60367
chr. 10-26,33720000-34160000,M,0.334697,-0.754209,-0.871688,-0.238458
chr. 10-27,34160000-36720000,B,0.519016,0.173247,-0.885929,-0.430397
chr. 10-28,36720000-37560000,M,0.333756,-0.116223,-1.235078,0.271112
chr. 10-29,37560000-38840000,B,0.421034,-0.360993,-0.950595,0.493925
chr. 10-30,38840000-41520000,A,0.612602,-0.13243,-0.018164,1.101372
chr. 10-31,41520000-44000000,A,0.588852,-0.963728,-0.235458,0.365902
chr. 10-32,44000000-44760000,M,0.33214,-0.456718,-0.694857,0.933603
chr. 10-33,44760000-45120000,A,0.287602,-0.04887,-0.969818,0.75892
chr. 10-34,45120000-51840000,B,0.799068,0.457788,0.203792,0.697525
chr. 10-35,51840000-52200000,A,0.270948,-0.026685,1.117098,0.48838
chr. 10-36,52200000-57640000,B,0.710077,-0.87768,0.380043,0.281001
chr. 10-37,57640000-58080000,A,0.320787,-0.147409,0.99286,-0.512055
chr. 10-38,58080000-58600000,M,0.344395,0.17493,1.051252,-0.195811
chr. 10-39,58600000-62920000,A,0.647913,-0.07034,0.922378,0.162757
chr. 10-40,62920000-66320000,B,0.536711,0.985096,0.048236,-0.005225
chr. 10-41,66320000-67800000,A,0.450144,0.563126,0.62958,-0.695712
chr. 10-42,67800000-68800000,B,0.350023,-0.11701,0.480527,-0.964424
chr. 10-43,68800000-70920000,A,0.465499,0.154031,-0.291465,-1.090461
chr. 10-44,70920000-74360000,B,0.62226,0.273257,-0.870616,-0.337042
chr. 10-45,74360000-77960000,A,0.764317,0.006057,0.287284,-0.594491
chr. 10-46,77960000-79080000,B,0.398281,0.542308,-0.266857,0.21971
chr. 10-47,79080000-83240000,A,0.619384,-0.550887,-0.403124,-0.175698
chr. 10-48,83240000-83960000,M,0.367001,-0.967636,0.075389,-0.617872
chr. 10-49,83960000-86480000,A,0.568202,-0.797474,0.513516,-0.016921
chr. 10-50,86480000-87840000,B,0.42738,-0.814588,0.102143,0.915016
chr. 10-51,87840000-88320000,A,0.307444,-0.063304,0.507324,0.855366
chr. 10-52,88320000-88800000,B,0.307313,0.07338,0.08283,1.155719
chr. 10-53,88800000-89520000,A,0.384496,-0.187512,-0.230836,1.089938
chr. 10-54,89520000-90160000,B,0.305448,-0.360189,-0.754979,0.953733
chr. 10-55,90160000-90720000,A,0.403987,0.257604,-0.601412,0.995925
chr. 10-56,90720000-92520000,B,0.406625,0.322071,-1.130159,0.591443
chr. 10-57,92520000-95640000,A,0.687142,0.661571,-0.729499,-0.079962
chr. 10-58,95640000-99120000,B,0.590537,-0.761138,-0.806565,-0.180464
chr. 10-59,99120000-103760000,B,0.683765,-0.341319,-0.217885,0.851495
chr. 10-60,103760000-107640000,B,0.676625,0.426288,0.335801,0.78679
chr. 10-61,107640000-108040000,A,0.276755,1.18258,0.231947,0.215527
chr. 10-62,108040000-110160000,B,0.470743,0.659799,0.752896,0.106015
chr. 10-63,110160000-111440000,A,0.392985,1.018474,-0.069833,-0.357555
chr. 10-64,111440000-115800000,B,0.679451,0.275669,-0.473298,-0.697001
chr. 10-65,115800000-117600000,A,0.526119,-0.507115,-0.7583,0.302911
chr. 10-66,117600000-118000000,M,0.376574,-0.771274,-0.08509,0.04864
chr. 10-67,118000000-121520000,A,0.705541,-0.549456,-0.124466,-0.678723
chr. 10-68,121520000-122120000,B,0.388293,0.349488,0.541987,-0.406064
chr. 10-69,122120000-122680000,A,0.323333,0.254611,0.883238,-0.64698
chr. 10-70,122680000-126320000,B,0.570221,-0.366019,0.897857,-0.202972
chr. 10-71,126320000-128440000,A,0.543661,0.108674,-0.049641,0.272113
chr. 10-72,128440000-130000000,B,0.424079,-0.870958,0.217581,0.03908
chr. 11-1,0-4080000,B,0.443384,0.361778,0.422597,0.855436
chr. 11-2,4080000-6560000,A,0.585398,0.739487,-0.315836,0.722318
chr. 11-3,6560000-10040000,B,0.664379,1.011184,0.379621,-0.211844
chr. 11-4,10040000-16400000,B,0.69436,0.140069,0.322997,-0.610919
chr. 11-5,16400000-19680000,B,0.601238,-0.792803,-0.430595,-0.440233
chr. 11-6,19680000-21240000,A,0.471377,0.294184,-1.062759,-0.08106
chr. 11-7,21240000-22560000,B,0.416236,-0.044531,-0.791021,0.84374
chr. 11-8,22560000-23520000,A,0.458599,-0.558832,-0.496165,0.622037
chr. 11-9,23520000-23920000,M,0.38587,-0.92576,-0.163937,0.744696
chr. 11-10,23920000-27080000,B,0.574884,-0.490321,0.626691,0.920217
chr. 11-11,27080000-29440000,B,0.569106,-0.336905,0.917154,-0.0076
chr. 11-12,29440000-30120000,M,0.341066,-1.032852,0.21557,-0.232665
chr. 11-13,30120000-30520000,B,0.348795,-0.913559,-0.217212,-0.347794
chr. 11-14,30520000-30840000,A,0.326123,-0.868703,-0.248179,-0.585653
chr. 11-15,30840000-31200000,B,0.294407,-0.393373,-0.463869,-0.436718
chr. 11-16,31200000-31560000,M,0.287159,-0.392633,-0.402,-0.866473
chr. 11-17,31560000-33560000,A,0.586496,0.382882,0.135051,-0.913635
chr. 11-18,33560000-38560000,B,0.811273,0.988734,-0.299483,0.327097
chr. 11-19,38560000-43240000,B,0.693109,-0.240526,-0.183474,1.055199
chr. 11-20,43240000-43600000,A,0.39471,-0.678173,-0.654507,0.107088
chr. 11-21,43600000-45760000,B,0.474005,-0.137396,-1.104177,0.022396
chr. 11-22,45760000-46120000,A,0.321457,-0.106312,-0.865445,0.65716
chr. 11-23,46120000-49440000,B,0.613215,0.623713,-0.399883,0.764079
chr. 11-24,49440000-55320000,A,0.881685,0.02643,0.654509,0.515959
chr. 11-25,55320000-57280000,B,0.451998,-0.855918,0.718386,-0.17956
chr. 11-26,57280000-58720000,A,0.576174,-0.244432,0.73152,-0.081308
chr. 11-27,58720000-62120000,A,0.683592,-0.20987,-0.225905,-0.650268
chr. 11-28,62120000-62520000,A,0.334653,-0.21222,0.734734,-0.589331
chr. 11-29,62520000-63040000,M,0.337259,0.409444,1.090913,-0.561427
chr. 11-30,63040000-67760000,B,0.727425,0.846468,0.816968,0.180126
chr. 11-31,67760000-68280000,M,0.306837,-0.184607,1.24272,0.216029
chr. 11-32,68280000-70840000,A,0.647359,-0.340343,0.571003,-0.40636
chr. 11-33,70840000-71880000,B,0.405512,0.847935,0.164777,-0.528966
chr. 11-34,71880000-73040000,A,0.443716,0.19018,-0.404449,-0.798336
chr. 11-35,73040000-74400000,B,0.4376,-0.40816,-0.040017,-0.474142
chr. 11-36,74400000-78320000,A,0.722899,0.44807,-0.721663,-0.264094
chr. 11-37,78320000-80720000,A,0.600923,0.629132,-0.554189,0.835322
chr. 11-38,80720000-82560000,B,0.459527,-0.205093,0.20794,1.25559
chr. 11-39,82560000-87280000,A,0.780922,-0.757812,-0.067615,0.396083
chr. 11-40,87280000-88920000,A,0.514569,0.62551,0.574573,0.879367
chr. 11-41,88920000-90560000,B,0.45024,0.514419,-0.663802,0.8526
chr. 11-42,90560000-93760000,B,0.616495,0.7295,-0.906812,0.009821
chr. 11-43,93760000-99240000,A,0.925926,0.071064,0.008606,-0.071966
chr. 11-44,99240000-100200000,B,0.407962,-0.914962,-0.31554,-0.1735
chr. 11-45,100200000-104480000,A,0.843491,0.158774,-0.168021,0.795943
chr. 11-46,104480000-105040000,B,0.295109,0.749645,1.000881,0.233757
chr. 11-47,105040000-105800000,M,0.331328,1.039857,0.560528,0.010151
chr. 11-48,105800000-107440000,A,0.547986,0.944831,0.056307,-0.142304
chr. 11-49,107440000-108320000,M,0.355824,0.141879,0.836265,-0.582405
chr. 11-50,108320000-109120000,B,0.322753,-0.364875,0.68905,-0.638496
chr. 11-51,109120000-109640000,M,0.323626,-0.543944,0.34672,-0.844081
chr. 11-52,109640000-110200000,B,0.311325,-0.192626,0.062913,-0.995786
chr. 11-53,110200000-110400000,M,0.309501,0.225886,0.048315,-0.987188
chr. 11-54,110400000-112600000,B,0.500903,0.484512,-0.380653,-0.993593
chr. 11-55,112600000-113480000,M,0.333109,-0.144005,-0.665456,-0.596043
chr. 11-56,113480000-113760000,A,0.288134,0.019685,-0.640844,-0.05115
chr. 11-57,113760000-114560000,M,0.359184,-0.363248,-0.606048,-0.001652
chr. 11-58,114560000-114960000,A,0.295077,0.085068,-0.511155,0.486285
chr. 11-59,114960000-119800000,A,0.708424,-0.483346,0.491102,0.354851
chr. 11-60,119800000-121840000,A,0.563935,0.607822,0.342295,0.6832
chr. 12-1,0-3440000,B,0.335129,-0.00758,0.199384,0.288904
chr. 12-2,3440000-5480000,A,0.592029,0.695003,-0.064029,0.646617
chr. 12-3,5480000-8000000,B,0.489123,0.540589,-0.857069,-0.143344
chr. 12-4,8000000-9080000,A,0.467153,0.778145,-0.150906,-0.619968
chr. 12-5,9080000-11200000,B,0.454374,0.034801,0.057186,-0.922916
chr. 12-6,11200000-11320000,A,0.205746,0.648901,-0.248401,-1.070269
chr. 12-7,11320000-12440000,B,0.410564,0.795738,0.049553,-0.669955
chr. 12-8,12440000-13240000,A,0.350373,1.067151,0.468184,-0.414403
chr. 12-9,13240000-16560000,B,0.568864,0.464403,0.840881,0.188394
chr. 12-10,16560000-17840000,A,0.436361,-0.460793,0.558613,-0.50121
chr. 12-11,17840000-25280000,M,0.412083,-0.095906,-0.1254,0.06861
chr. 12-12,25280000-26200000,A,0.447487,-0.880977,-0.466974,0.640566
chr. 12-13,26200000-28280000,M,0.526035,-1.04903,0.262707,0.372101
chr. 12-14,28280000-29240000,B,0.395383,-0.791403,0.442138,-0.242339
chr. 12-15,29240000-30000000,A,0.325482,-1.098712,-0.44962,-0.32713
chr. 12-16,30000000-31720000,B,0.449488,-0.62987,-0.103134,-0.844513
chr. 12-17,31720000-32640000,A,0.345505,-0.187909,-0.813205,-0.905205
chr. 12-18,32640000-33640000,B,0.401952,-0.388507,-0.9761,-0.30338
chr. 12-19,33640000-34120000,A,0.335094,0.260077,-0.818262,-0.286212
chr. 12-20,34120000-37440000,B,0.583848,0.20146,-0.989519,0.55112
chr. 12-21,37440000-40920000,B,0.579419,-0.590415,-0.083673,1.101094
chr. 12-22,40920000-41560000,M,0.31939,-1.292219,0.020902,0.422382
chr. 12-23,41560000-52400000,B,1.017584,-0.121971,-0.288972,0.668962
chr. 12-24,52400000-54040000,A,0.486798,-0.748879,0.80088,0.128307
chr. 12-25,54040000-55160000,B,0.355946,-0.021898,1.267281,0.046587
chr. 12-26,55160000-56960000,A,0.630931,0.375036,0.635885,-0.527737
chr. 12-27,56960000-60080000,B,0.617101,0.729455,0.598827,0.650717
chr. 12-28,60080000-60400000,A,0.413838,0.155225,0.826698,0.431278
chr. 12-29,60400000-66040000,B,0.769448,-0.385216,0.610917,-0.178957
chr. 12-30,66040000-66320000,A,0.386193,0.436723,0.5631,-0.644805
chr. 12-31,66320000-70280000,B,0.642228,0.989774,0.136322,-0.138595
chr. 12-32,70280000-72840000,A,0.593126,0.155185,-0.888786,-0.379738
chr. 12-33,72840000-74680000,A,0.525874,-0.608551,-0.241482,-0.754946
chr. 12-34,74680000-75120000,M,0.339832,0.059897,0.048753,-1.079966
chr. 12-35,75120000-76520000,B,0.365732,0.6222,-0.034949,-1.045428
chr. 12-36,76520000-78120000,A,0.501942,0.153878,0.851206,-0.517406
chr. 12-37,78120000-79200000,M,0.385635,1.08547,0.549839,-0.184729
chr. 12-38,79200000-79960000,B,0.346271,1.011635,0.286538,0.40117
chr. 12-39,79960000-85800000,A,0.852541,-0.417502,0.620361,0.386141
chr. 12-40,85800000-88400000,A,0.606888,0.051745,-0.367585,1.097399
chr. 12-41,88400000-92600000,B,0.68545,0.76135,-0.717612,0.050627
chr. 12-42,92600000-93120000,M,0.369979,-0.035952,-1.246042,0.165789
chr. 12-43,93120000-99880000,B,0.75987,-0.481094,-0.775136,-0.488513
chr. 12-44,99880000-102360000,A,0.551699,-0.637548,-0.172364,1.0534
chr. 12-45,102360000-103200000,B,0.411128,-0.280726,-0.843138,0.829779
chr. 12-46,103200000-104640000,A,0.431808,0.315354,-0.866207,0.849991
chr. 12-47,104640000-105680000,B,0.473082,0.468399,-0.383048,0.79634
chr. 12-48,105680000-106320000,A,0.36202,1.033157,-0.43258,0.796652
chr. 12-49,106320000-112120000,A,0.817571,0.65072,0.527947,0.318521
chr. 12-50,112120000-114440000,A,0.55364,0.545171,-0.518042,-0.229584
chr. 12-51,114440000-117280000,B,0.508207,-0.188567,-0.055826,0.383793
chr. 12-52,117280000-117840000,M,0.303128,-0.697376,0.338702,0.691255
chr. 12-53,117840000-118640000,B,0.302264,-1.081526,0.286945,0.267412
chr. 12-54,118640000-119080000,A,0.276848,-0.795663,0.918453,0.213152
chr. 12-55,119080000-120160000,M,0.370104,-0.553453,0.875763,-0.310434
chr. 12-56,120160000-121280000,B,0.371077,-0.557398,0.334098,-0.775375
chr. 13-1,0-3640000,B,0.386736,-0.090301,0.233343,0.335807
chr. 13-2,3640000-4000000,M,0.296985,0.149483,0.382453,0.73147
chr. 13-3,4000000-4680000,B,0.30048,0.55662,0.295547,0.877048
chr. 13-4,4680000-6560000,M,0.429686,0.9312,-0.227231,0.589042
chr. 13-5,6560000-8840000,B,0.457945,0.976413,0.36642,-0.264403
chr. 13-6,8840000-9880000,A,0.382315,0.396638,0.99162,0.31513
chr. 13-7,9880000-11760000,B,0.431601,-0.039052,1.037637,-0.359206
chr. 13-8,11760000-12800000,A,0.416862,0.396383,0.611276,-0.684211
chr. 13-9,12800000-13560000,B,0.277875,0.1577,-0.043442,-0.197197
chr. 13-10,13560000-14760000,M,0.393033,0.622513,-0.294062,-0.890889
chr. 13-11,14760000-15400000,B,0.299467,0.327631,0.243614,-1.165612
chr. 13-12,15400000-16120000,M,0.348249,-0.054185,0.019802,-1.268544
chr. 13-13,16120000-17800000,B,0.416847,-0.52258,0.386223,-0.867704
chr. 13-14,17800000-19360000,A,0.414503,-0.687434,-0.659258,-0.497857
chr. 13-15,19360000-19800000,M,0.291473,-0.288111,-1.061609,-0.259674
chr. 13-16,19800000-22200000,A,0.570854,0.342467,-0.900823,-0.200774
chr. 13-17,22200000-22680000,B,0.295576,0.364349,-0.341537,0.770076
chr. 13-18,22680000-23400000,M,0.338398,-0.001101,-0.255917,0.76425
chr. 13-19,23400000-25160000,A,0.50752,-0.672458,-0.591577,0.644648
chr. 13-20,25160000-28640000,B,0.589378,-0.563686,0.691277,0.433532
chr. 13-21,28640000-31200000,A,0.56256,-1.143031,0.1383,-0.22804
chr. 13-22,31200000-31800000,M,0.32986,-0.959931,-0.394005,-0.679884
chr. 13-23,31800000-32880000,A,0.384186,-0.609554,-0.115474,-1.035474
chr. 13-24,32880000-34040000,B,0.489579,-0.139848,-0.321232,-0.501005
chr. 13-25,34040000-35160000,A,0.394923,0.351246,-0.729159,-0.686153
chr. 13-26,35160000-36080000,M,0.351646,0.641979,-0.907409,-0.081756
chr. 13-27,36080000-36880000,A,0.358689,0.160966,-1.248165,0.222853
chr. 13-28,36880000-37480000,B,0.335297,0.01185,-1.069569,0.500898
chr. 13-29,37480000-38720000,A,0.449738,-0.466877,-1.047345,0.358834
chr. 13-30,38720000-40880000,B,0.455469,-0.997008,-0.476416,0.399379
chr. 13-31,40880000-42280000,A,0.43706,-0.598086,0.009246,1.008964
chr. 13-32,42280000-42640000,M,0.343903,-0.31228,-0.072953,1.248177
chr. 13-33,42640000-45640000,A,0.569611,0.437229,-0.477822,0.946391
chr. 13-34,45640000-48640000,A,0.586422,0.951289,0.25815,0.373983
chr. 13-35,48640000-49360000,A,0.342762,0.303497,0.203265,1.006122
chr. 13-36,49360000-49880000,A,0.418897,0.611288,0.310379,0.853168
chr. 13-37,49880000-51040000,M,0.386946,0.250594,0.414733,0.063634
chr. 13-38,51040000-51720000,A,0.367221,0.349775,1.099267,0.291961
chr. 13-39,51720000-54200000,A,0.519579,-0.337044,0.841906,0.771028
chr. 13-40,54200000-55840000,A,0.510435,-0.780345,0.171996,-0.048245
chr. 13-41,55840000-59960000,A,0.633674,-0.070574,0.899223,-0.415129
chr. 13-42,59960000-60560000,M,0.281183,-0.859699,0.652546,-0.706916
chr. 13-43,60560000-60960000,A,0.309027,-0.929369,0.433563,-0.261333
chr. 13-44,60960000-61760000,B,0.386545,-0.446894,-0.101975,-0.487328
chr. 13-45,61760000-62240000,M,0.231682,-0.068997,-0.00265,0.037298
chr. 13-46,62240000-67600000,A,0.759602,0.544543,0.445371,-0.366631
chr. 13-47,67600000-68080000,M,0.376905,-0.308187,0.207343,-0.770979
chr. 13-48,68080000-73520000,B,0.715805,0.420613,-0.594936,-0.461219
chr. 13-49,73520000-74760000,A,0.446457,-0.235164,0.040584,-1.06111
chr. 13-50,74760000-79520000,B,0.78717,0.962757,0.409882,-0.066463
chr. 13-51,79520000-85720000,B,0.776365,-0.153189,0.744309,0.650511
chr. 13-52,85720000-93200000,B,0.769067,0.143813,-0.654843,0.695238
chr. 13-53,93200000-96160000,A,0.675336,0.720529,-0.522846,-0.522285
chr. 13-54,96160000-99480000,A,0.639108,-0.570332,-0.772466,-0.096678
chr. 13-55,99480000-101640000,A,0.552986,-0.733021,0.298185,-0.034343
chr. 13-56,101640000-103480000,B,0.438906,0.00534,0.605583,0.970604
chr. 13-57,103480000-104480000,M,0.377058,-0.223487,-0.095402,1.090881
chr. 13-58,104480000-105000000,A,0.334913,-0.015648,-0.457085,0.715872
chr. 13-59,105000000-107560000,B,0.536897,0.802557,-0.338562,0.390104
chr. 13-60,107560000-108960000,A,0.4172,0.782335,0.757831,0.363256
chr. 13-61,108960000-109240000,M,0.27125,0.26163,0.900524,0.168601
chr. 13-62,109240000-112240000,B,0.58526,0.14239,0.869345,-0.583679
chr. 13-63,112240000-114120000,A,0.507108,0.724372,-0.109461,-0.769882
chr. 13-64,114120000-114480000,B,0.30088,0.070321,-0.415335,-1.041639
chr. 13-65,114480000-115320000,M,0.351063,-0.226169,-0.713045,-0.80988
chr. 13-66,115320000-120280000,B,0.690752,-0.768668,0.042865,-0.216636
chr. 14-1,0-9200000,B,0.457265,0.017365,0.180403,0.291795
chr. 14-2,9200000-9760000,M,0.308334,0.478586,0.757314,0.512251
chr. 14-3,9760000-12360000,B,0.50245,0.866183,0.277878,0.213928
chr. 14-4,12360000-13000000,A,0.340271,0.764115,-0.449683,-0.252324
chr. 14-5,13000000-14120000,M,0.367708,0.698751,-0.066486,-0.798861
chr. 14-6,14120000-15400000,B,0.410263,0.358877,0.356757,-0.830846
chr. 14-7,15400000-15760000,M,0.279519,-0.038027,0.615667,-0.907724
chr. 14-8,15760000-16440000,B,0.322528,0.062545,0.895585,-0.538566
chr. 14-9,16440000-17280000,M,0.334043,-0.142566,1.087795,-0.29563
chr. 14-10,17280000-19840000,B,0.53932,-0.6898,0.463923,-0.449367
chr. 14-11,19840000-22680000,A,0.669064,0.041494,-0.837468,-0.166816
chr. 14-12,22680000-24400000,B,0.406405,-0.289394,-0.57092,0.72688
chr. 14-13,24400000-28640000,A,0.771132,-0.876641,-0.420518,-0.26197
chr. 14-14,28640000-30840000,M,0.444944,0.141973,-0.898877,-0.754811
chr. 14-15,30840000-33400000,A,0.650853,-0.65935,0.159587,-0.697976
chr. 14-16,33400000-35640000,A,0.545027,-0.630785,-0.969092,-0.348206
chr. 14-17,35640000-36080000,M,0.300176,-0.254448,-1.195011,0.354781
chr. 14-18,36080000-37600000,B,0.394566,0.016474,-0.906029,0.70386
chr. 14-19,37600000-38000000,M,0.304445,-0.693641,-0.774742,0.869208
chr. 14-20,38000000-41600000,B,0.621089,-0.869194,-0.075418,0.550751
chr. 14-21,41600000-45920000,M,0.562926,-0.148593,-0.279863,-0.067838
chr. 14-22,45920000-46440000,A,0.326192,0.493091,-0.707263,0.359164
chr. 14-23,46440000-47360000,M,0.340187,0.8107,-0.379834,0.662285
chr. 14-24,47360000-49840000,A,0.587131,-0.090445,0.108353,1.067693
chr. 14-25,49840000-51400000,B,0.493497,0.362881,0.755845,0.257684
chr. 14-26,51400000-51760000,A,0.350686,0.482321,0.20334,0.263848
chr. 14-27,51760000-52520000,B,0.395994,-0.080639,0.191789,-0.020889
chr. 14-28,52520000-53000000,A,0.353108,-0.729379,0.570946,0.351585
chr. 14-29,53000000-54480000,M,0.436883,-0.427385,0.272244,-0.165896
chr. 14-30,54480000-58600000,A,0.89342,-0.160957,0.16124,0.191679
chr. 14-31,58600000-59800000,B,0.361434,-0.154582,1.02656,0.580238
chr. 14-32,59800000-63160000,A,0.591033,-0.681161,0.909169,-0.36725
chr. 14-33,63160000-65920000,A,0.566914,-0.326988,0.090742,-1.204488
chr. 14-34,65920000-68720000,A,0.510486,0.544879,0.668776,-0.76788
chr. 14-35,68720000-69280000,B,0.312492,1.097515,0.208981,-0.224114
chr. 14-36,69280000-69800000,M,0.376216,0.987232,-0.038475,-0.561391
chr. 14-37,69800000-71200000,A,0.476752,0.213509,-0.350847,-0.860738
chr. 14-38,71200000-73480000,B,0.481844,0.574632,-0.969654,-0.181001
chr. 14-39,73480000-74000000,A,0.393905,0.335634,-0.68955,-0.730195
chr. 14-40,74000000-75120000,B,0.379939,0.396811,-0.136199,-1.043339
chr. 14-41,75120000-77480000,A,0.577967,1.017313,-0.073753,-0.112653
chr. 14-42,77480000-80160000,A,0.533207,0.677146,0.613562,0.48549
chr. 14-43,80160000-87040000,B,0.796061,-0.537983,0.657264,-0.153636
chr. 14-44,87040000-87920000,M,0.349011,-0.271251,0.66572,0.926975
chr. 14-45,87920000-90800000,B,0.62969,-0.101586,-0.227051,0.778748
chr. 14-46,90800000-99480000,B,0.800455,-0.145632,-0.780907,-0.246883
chr. 14-47,99480000-100880000,A,0.434927,-1.020305,-0.306654,0.389096
chr. 14-48,100880000-101880000,B,0.357455,-0.701436,-0.091529,0.854959
chr. 14-49,101880000-102400000,A,0.354057,-0.291266,-0.557971,1.02546
chr. 14-50,102400000-103440000,B,0.37698,0.108752,-0.267326,0.987222
chr. 14-51,103440000-104080000,A,0.317576,0.237983,-0.864433,0.70191
chr. 14-52,104080000-105400000,B,0.392584,0.683673,-0.615142,0.377356
chr. 14-53,105400000-106320000,M,0.423228,0.932003,-0.145377,0.295975
chr. 14-54,106320000-111360000,B,0.703759,0.495864,0.449121,-0.256927
chr. 14-55,111360000-118480000,B,0.808946,-0.691671,-0.373481,-0.420987
chr. 14-56,118480000-119360000,A,0.343571,-0.634378,0.650625,0.593637
chr. 14-57,119360000-120480000,B,0.357665,-0.937492,0.827134,-0.15923
chr. 14-58,120480000-123320000,A,0.607503,-0.06709,0.983251,-0.44218
chr. 14-59,123320000-125200000,B,0.433142,-0.554239,0.209983,-1.083848
chr. 15-1,0-3400000,B,0.439871,0.805802,0.240258,0.066479
chr. 15-2,3400000-8040000,B,0.722095,0.872518,-0.247771,-0.219191
chr. 15-3,8040000-9000000,A,0.389805,0.361408,0.445307,-0.946199
chr. 15-4,9000000-10400000,B,0.388842,0.200248,0.98537,-0.456607
chr. 15-5,10400000-10880000,A,0.274616,0.807689,1.039492,-0.440127
chr. 15-6,10880000-11360000,M,0.29922,0.957736,0.827115,-0.344417
chr. 15-7,11360000-11880000,B,0.309033,0.951427,0.794626,0.117158
chr. 15-8,11880000-12880000,A,0.364634,0.552209,0.917092,0.450337
chr. 15-9,12880000-19280000,B,0.78805,-0.608908,0.441269,-0.363379
chr. 15-10,19280000-24520000,B,0.7376,-0.290019,-0.565968,0.292745
chr. 15-11,24520000-25360000,B,0.360247,-0.398681,0.635716,0.752852
chr. 15-12,25360000-25920000,M,0.370354,-0.477542,0.907397,0.220677
chr. 15-13,25920000-27200000,B,0.409886,-0.960735,0.342413,-0.044543
chr. 15-14,27200000-27560000,M,0.365661,-0.659009,0.266966,-0.552439
chr. 15-15,27560000-28160000,A,0.328892,-0.550729,0.008349,-0.911561
chr. 15-16,28160000-31240000,B,0.577848,-0.359924,-0.729397,-0.68159
chr. 15-17,31240000-31600000,A,0.380897,0.555247,-0.365212,-0.9725
chr. 15-18,31600000-33960000,B,0.485393,0.310806,0.212477,-0.888126
chr. 15-19,33960000-34440000,A,0.328135,0.283603,-0.564578,-1.077473
chr. 15-20,34440000-34920000,B,0.296148,0.49076,-1.033615,-0.619386
chr. 15-21,34920000-35320000,M,0.30532,0.527539,-1.115465,-0.32853
chr. 15-22,35320000-39200000,A,0.785962,0.863645,-0.155301,0.25067
chr. 15-23,39200000-39680000,M,0.272425,0.37799,0.206322,1.255007
chr. 15-24,39680000-42760000,B,0.613461,-0.292208,-0.474476,1.006339
chr. 15-25,42760000-46880000,B,0.691337,0.185084,-0.918466,0.101733
chr. 15-26,46880000-51560000,B,0.770316,0.614843,0.106393,0.79416
chr. 15-27,51560000-52000000,M,0.392872,-0.121665,0.553557,0.930211
chr. 15-28,52000000-52840000,B,0.393645,-0.144431,0.090419,1.146589
chr. 15-29,52840000-53240000,A,0.268382,-0.614596,-0.067615,1.243918
chr. 15-30,53240000-54880000,B,0.458621,-0.766188,0.332857,0.694128
chr. 15-31,54880000-55480000,M,0.405033,-0.999729,-0.321134,0.46829
chr. 15-32,55480000-57400000,B,0.459436,-0.931738,-0.562224,-0.197096
chr. 15-33,57400000-58320000,A,0.410059,-0.935853,0.250625,-0.461208
chr. 15-34,58320000-58760000,M,0.343295,-0.91579,0.344897,0.13915
chr. 15-35,58760000-59720000,A,0.42659,-0.67537,0.816762,0.227744
chr. 15-36,59720000-61800000,B,0.529592,-0.097727,1.00408,-0.414018
chr. 15-37,61800000-62160000,M,0.319615,0.648302,0.940431,-0.115243
chr. 15-38,62160000-63640000,B,0.414992,0.138099,0.988194,0.255137
chr. 15-39,63640000-64520000,M,0.383459,-0.058619,0.577525,-0.791568
chr. 15-40,64520000-71280000,B,0.741768,0.882026,0.12816,-0.32515
chr. 15-41,71280000-72920000,B,0.438754,0.88524,-0.757591,0.48346
chr. 15-42,72920000-75000000,A,0.527774,-0.129007,-0.922231,0.2082
chr. 15-43,75000000-75400000,B,0.410734,-0.49461,-0.464684,0.036032
chr. 15-44,75400000-79000000,A,0.666186,0.284805,-0.052603,-0.564136
chr. 15-45,79000000-82160000,A,0.676772,0.05183,0.6988,-0.060231
chr. 15-46,82160000-82640000,M,0.327442,-0.752,0.260887,0.77277
chr. 15-47,82640000-86080000,A,0.649099,-0.605034,0.361462,0.183866
chr. 15-48,86080000-87480000,B,0.393863,0.356349,-0.056827,1.052975
chr. 15-49,87480000-87840000,A,0.356061,0.431942,-0.39971,0.83775
chr. 15-50,87840000-88520000,B,0.355038,0.072983,-0.619063,0.93726
chr. 15-51,88520000-89440000,A,0.41962,-0.484929,-0.593835,0.48794
chr. 15-52,89440000-90760000,B,0.396075,0.082422,-1.286969,0.114524
chr. 15-53,90760000-91160000,M,0.291664,-0.329961,-1.131471,-0.178927
chr. 15-54,91160000-92720000,B,0.463944,-0.297344,-0.801943,-0.738001
chr. 15-55,92720000-93120000,M,0.282512,-0.188116,-0.224585,-1.023338
chr. 15-56,93120000-93480000,A,0.323316,0.22378,-0.075653,-1.083271
chr. 15-57,93480000-95480000,B,0.481425,0.69635,-0.466358,-0.637763
chr. 15-58,95480000-98360000,A,0.69961,-0.419654,-0.517143,-0.593706
chr. 15-59,98360000-103520000,A,0.719282,0.08743,-0.233331,0.501621
chr. 16-1,0-3840000,B,0.389292,0.36646,-0.19444,0.182064
chr. 16-2,3840000-6040000,A,0.53893,0.826803,-0.000856,0.392618
chr. 16-3,6040000-6480000,M,0.314822,0.608745,-0.248922,-0.237908
chr. 16-4,6480000-10560000,A,0.692202,0.689527,0.605025,-0.467437
chr. 16-5,10560000-13520000,A,0.561508,0.270945,0.694484,0.741627
chr. 16-6,13520000-14640000,A,0.441102,0.637848,0.558598,-0.047176
chr. 16-7,14640000-15600000,M,0.333709,-0.08016,1.076811,-0.132721
chr. 16-8,15600000-19000000,A,0.7052,-0.603062,0.253264,-0.19518
chr. 16-9,19000000-19720000,B,0.294497,0.117249,-0.452776,-0.428963
chr. 16-10,19720000-20160000,M,0.306312,-0.079679,-0.992402,-0.390714
chr. 16-11,20160000-23480000,A,0.691735,-0.181858,-0.270608,0.706416
chr. 16-12,23480000-23960000,B,0.333159,-0.884485,0.441189,0.749981
chr. 16-13,23960000-24360000,M,0.258483,-1.256575,0.256682,0.556864
chr. 16-14,24360000-28520000,B,0.64312,-0.845692,0.686605,-0.24432
chr. 16-15,28520000-28880000,M,0.333662,-1.085291,-0.065582,-0.60341
chr. 16-16,28880000-29640000,B,0.30547,-1.03244,-0.268462,-0.579315
chr. 16-17,29640000-30600000,A,0.407084,-0.376518,-0.543353,-0.775637
chr. 16-18,30600000-33160000,A,0.555731,0.345545,0.249238,-0.744398
chr. 16-19,33160000-35040000,A,0.52619,-0.254534,-0.324658,-0.905163
chr. 16-20,35040000-36080000,A,0.383139,0.524358,-0.731846,-0.737333
chr. 16-21,36080000-36480000,B,0.30015,0.649861,-0.449597,-0.038763
chr. 16-22,36480000-36880000,M,0.343897,0.704579,-0.916229,-0.010948
chr. 16-23,36880000-38640000,A,0.44918,0.144711,-1.065711,0.33155
chr. 16-24,38640000-43480000,B,0.699157,-0.817489,-0.503591,-0.011474
chr. 16-25,43480000-44760000,A,0.441565,-0.527834,-1.087524,0.055499
chr. 16-26,44760000-48240000,B,0.617688,0.32664,-0.589693,0.655544
chr. 16-27,48240000-48680000,A,0.305272,0.21336,-0.135924,1.107247
chr. 16-28,48680000-50200000,B,0.494566,-0.475469,0.150424,0.962357
chr. 16-29,50200000-50800000,A,0.330716,-0.647006,0.840664,0.582514
chr. 16-30,50800000-55880000,B,0.709438,-0.345609,0.375937,0.770263
chr. 16-31,55880000-56200000,A,0.42634,-0.919383,0.062921,-0.07846
chr. 16-32,56200000-56720000,B,0.358166,-0.982862,0.142201,-0.311283
chr. 16-33,56720000-57200000,M,0.37427,-0.821941,0.029702,-0.448114
chr. 16-34,57200000-59400000,B,0.560928,-0.016555,0.223736,-0.622251
chr. 16-35,59400000-59760000,M,0.336871,0.307272,0.950319,-0.513874
chr. 16-36,59760000-60560000,B,0.357331,0.253514,1.115274,-0.091066
chr. 16-37,60560000-62920000,B,0.497742,-0.32458,1.025488,-0.063676
chr. 16-38,62920000-67840000,B,0.81405,0.335123,0.565644,-0.619647
chr. 16-39,67840000-68560000,B,0.369041,0.880671,0.262965,0.207352
chr. 16-40,68560000-74840000,B,0.762623,0.474806,-0.445275,-0.489063
chr. 16-41,74840000-78160000,B,0.604237,0.503852,0.609311,-0.515112
chr. 16-42,78160000-81160000,B,0.53372,0.712067,0.02418,0.666008
chr. 16-43,81160000-84600000,B,0.596263,-0.460013,-0.269431,0.421019
chr. 16-44,84600000-88240000,B,0.599936,-0.09198,0.787707,0.735165
chr. 16-45,88240000-89800000,B,0.436591,0.799538,0.821147,0.477916
chr. 16-46,89800000-93600000,A,0.581139,0.869845,-0.298989,0.634525
chr. 16-47,93600000-96240000,A,0.540638,0.980497,-0.190815,-0.411312
chr. 16-48,96240000-96920000,M,0.348119,0.406751,-0.929893,-0.31498
chr. 16-49,96920000-97520000,B,0.342262,0.299666,-0.98744,0.179541
chr. 16-50,97520000-98320000,A,0.365713,-0.13922,-0.845497,-0.086373
chr. 17-1,0-3560000,B,0.37823,0.690681,-0.097255,0.401909
chr. 17-2,3560000-4760000,B,0.378938,1.109837,0.272717,0.045291
chr. 17-3,4760000-8760000,A,0.615831,0.202067,0.634678,0.424751
chr. 17-4,8760000-9200000,M,0.316603,0.258378,1.079127,-0.298987
chr. 17-5,9200000-10000000,B,0.311767,-0.010306,1.105063,-0.753882
chr. 17-6,10000000-11400000,M,0.406715,0.440615,0.661381,-1.042515
chr. 17-7,11400000-12200000,B,0.341694,-0.071254,0.329451,-1.166215
chr. 17-8,12200000-14200000,A,0.537238,-0.490209,0.316869,-0.392821
chr. 17-9,14200000-15120000,M,0.368632,-0.935432,0.776921,-0.090659
chr. 17-10,15120000-16000000,A,0.424895,-1.073925,0.097205,0.450388
chr. 17-11,16000000-21320000,B,0.72151,-0.338328,-0.60264,-0.426285
chr. 17-12,21320000-23680000,B,0.539121,0.492017,-0.554482,0.113837
chr. 17-13,23680000-25960000,A,0.576395,-0.247916,0.109367,0.629671
chr. 17-14,25960000-28480000,A,0.609788,0.203324,0.90073,-0.139524
chr. 17-15,28480000-31800000,A,0.709528,0.56113,-0.106418,-0.744029
chr. 17-16,31800000-35000000,A,0.657215,-0.64732,-0.112854,-0.463327
chr. 17-17,35000000-36440000,A,0.548498,0.349542,-0.176493,-0.375468
chr. 17-18,36440000-36960000,B,0.371688,0.141218,-0.262419,0.265839
chr. 17-19,36960000-37400000,M,0.403689,0.055265,-0.740037,0.596266
chr. 17-20,37400000-43120000,B,0.756219,0.031983,-0.174504,0.762372
chr. 17-21,43120000-44880000,B,0.475587,-0.444624,-1.108042,0.143091
chr. 17-22,44880000-45560000,M,0.384971,0.044201,-1.276297,-0.179707
chr. 17-23,45560000-48240000,A,0.626288,0.641132,-0.653412,0.315835
chr. 17-24,48240000-49000000,M,0.40177,-0.550858,-0.638637,0.884387
chr. 17-25,49000000-51000000,B,0.542015,-0.862812,0.011104,0.844869
chr. 17-26,51000000-54560000,B,0.592365,0.040101,0.645235,0.850226
chr. 17-27,54560000-56120000,B,0.460608,-0.741526,0.567169,0.100887
chr. 17-28,56120000-57520000,A,0.577676,-0.173293,-0.301,-0.417374
chr. 17-29,57520000-65880000,B,0.848757,0.204024,0.442609,-0.657359
chr. 17-30,65880000-66920000,A,0.43929,1.102964,0.248276,0.499042
chr. 17-31,66920000-71040000,B,0.659959,0.908981,-0.673169,-0.300356
chr. 17-32,71040000-71400000,A,0.306201,0.220749,-1.053349,-0.383025
chr. 17-33,71400000-72280000,M,0.465835,-0.272855,-0.672288,-0.341275
chr. 17-34,72280000-74640000,B,0.53365,-0.400226,-0.26811,-0.969192
chr. 17-35,74640000-75160000,A,0.32033,-0.175828,0.610077,-0.556699
chr. 17-36,75160000-80000000,B,0.766712,0.631649,0.634949,-0.120623
chr. 17-37,80000000-81000000,A,0.367814,-0.592337,1.01029,-0.128043
chr. 17-38,81000000-83400000,B,0.516383,-1.050464,-0.029717,-0.236666
chr. 17-39,83400000-86080000,A,0.627817,-0.474268,0.337743,0.892476
chr. 17-40,86080000-88440000,A,0.568592,0.619646,0.232554,0.903509
chr. 17-41,88440000-89040000,M,0.317842,0.75277,-0.61941,0.810293
chr. 17-42,89040000-95280000,B,0.792209,-0.148493,-0.902984,0.24909
chr. 18-1,0-3480000,B,0.412522,0.560368,0.590411,-0.074387
chr. 18-2,3480000-4200000,B,0.355083,0.780367,0.72925,0.344393
chr. 18-3,4200000-6640000,A,0.504544,1.104627,0.033811,-0.047083
chr. 18-4,6640000-7480000,B,0.332858,0.700692,0.07371,-0.937934
chr. 18-5,7480000-7920000,M,0.343446,0.629037,0.496943,-0.805958
chr. 18-6,7920000-9960000,B,0.477609,0.189606,0.798901,-0.649386
chr. 18-7,9960000-10880000,A,0.386002,0.232286,0.829667,0.405241
chr. 18-8,10880000-11640000,M,0.359564,0.015925,0.335053,0.694452
chr. 18-9,11640000-13200000,A,0.444604,0.578308,-0.21097,0.82566
chr. 18-10,13200000-15000000,M,0.441147,0.475722,-0.892393,0.151051
chr. 18-11,15000000-21160000,B,0.7802,-0.171507,-0.470144,-0.753916
chr. 18-12,21160000-21600000,A,0.291382,-0.810739,-0.791531,0.299441
chr. 18-13,21600000-23400000,B,0.475014,-0.444776,-0.459115,0.719409
chr. 18-14,23400000-24160000,M,0.346964,-0.424029,0.206355,0.96313
chr. 18-15,24160000-25800000,A,0.42629,-1.024578,0.474504,0.512655
chr. 18-16,25800000-31800000,B,0.769352,-0.560612,0.763914,-0.444848
chr. 18-17,31800000-32600000,A,0.393896,-0.987114,-0.180749,0.070045
chr. 18-18,32600000-33000000,M,0.355432,-0.984282,-0.543998,-0.120113
chr. 18-19,33000000-33400000,A,0.32652,-0.725708,-0.820245,0.059463
chr. 18-20,33400000-33960000,B,0.362009,-0.643554,-0.881209,-0.259326
chr. 18-21,33960000-36960000,A,0.670114,0.404388,-0.526685,-0.578326
chr. 18-22,36960000-37480000,B,0.354773,0.582324,-0.159285,0.696502
chr. 18-23,37480000-39360000,A,0.582619,-0.065196,-0.72899,0.634261
chr. 18-24,39360000-42360000,B,0.58667,-0.905652,0.088987,0.211435
chr. 18-25,42360000-42760000,A,0.342785,-0.714737,-0.599723,-0.217286
chr. 18-26,42760000-46320000,B,0.702248,0.022016,-0.845991,-0.354543
chr. 18-27,46320000-47920000,A,0.536239,-0.19526,-0.446778,0.855312
chr. 18-28,47920000-49880000,B,0.449014,0.523902,-0.146566,0.935052
chr. 18-29,49880000-50360000,A,0.407754,0.463024,0.637076,0.973919
chr. 18-30,50360000-53240000,B,0.54131,0.800138,0.589399,0.442048
chr. 18-31,53240000-54160000,A,0.376606,-0.176411,0.873547,0.810647
chr. 18-32,54160000-56480000,B,0.480968,-0.420994,1.233303,0.08436
chr. 18-33,56480000-57560000,A,0.410585,-0.141626,0.889734,-0.845121
chr. 18-34,57560000-60640000,B,0.571995,0.718065,0.788624,-0.518136
chr. 18-35,60640000-62080000,A,0.512938,-0.538658,0.81131,-0.191313
chr. 18-36,62080000-63240000,M,0.370473,-0.56334,0.412492,-1.061018
chr. 18-37,63240000-63840000,B,0.299283,-0.310932,-0.104477,-1.16865
chr. 18-38,63840000-66760000,A,0.632611,0.572108,0.440701,-0.96738
chr. 18-39,66760000-68520000,A,0.618702,0.517589,0.657333,0.214315
chr. 18-40,68520000-69360000,B,0.328017,1.200602,-0.103469,0.073464
chr. 18-41,69360000-70000000,A,0.290775,1.353284,0.252422,-0.21692
chr. 18-42,70000000-73760000,B,0.59609,0.676121,-0.575754,-0.691786
chr. 18-43,73760000-78440000,A,0.830124,0.165971,0.447063,-0.40497
chr. 18-44,78440000-80440000,B,0.508945,0.815288,-0.507082,0.312523
chr. 18-45,80440000-82160000,A,0.466388,-0.132842,-0.768155,0.33386
chr. 18-46,82160000-82600000,M,0.365019,-0.038365,-1.012942,-0.33635
chr. 18-47,82600000-83200000,A,0.325318,-0.503551,-0.803256,-0.331933
chr. 18-48,83200000-83920000,M,0.340761,-0.303519,-0.441215,-0.805622
chr. 18-49,83920000-85200000,A,0.42992,-0.857336,-0.27311,-0.616062
chr. 18-50,85200000-88920000,B,0.610139,-0.666951,0.368524,0.239889
chr. 18-51,88920000-89320000,A,0.287744,-0.436941,-0.140175,0.981055
chr. 18-52,89320000-90800000,B,0.382724,-0.332552,-0.389027,0.554786
chr. 19-1,0-3960000,B,0.519902,0.057421,0.272384,0.658452
chr. 19-2,3960000-7600000,A,0.692005,0.674466,-0.34524,0.246171
chr. 19-3,7600000-8800000,B,0.474117,-0.130638,0.330561,-0.071831
chr. 19-4,8800000-9200000,A,0.314712,0.711856,0.399072,0.165825
chr. 19-5,9200000-9960000,B,0.425788,0.217278,0.049209,0.289884
chr. 19-6,9960000-11120000,A,0.497586,-0.14086,0.572919,-0.453681
chr. 19-7,11120000-16080000,B,0.755859,-0.099749,-0.839622,-0.763277
chr. 19-8,16080000-16760000,M,0.31607,-1.269964,-0.503722,-0.551464
chr. 19-9,16760000-18960000,B,0.500756,-1.058521,-0.783471,0.266248
chr. 19-10,18960000-23000000,B,0.719294,-0.204052,-1.040325,0.775685
chr. 19-11,23000000-25000000,A,0.597479,-0.905351,-0.129503,0.66166
chr. 19-12,25000000-25760000,M,0.353915,-1.14728,0.262951,0.31298
chr. 19-13,25760000-29000000,B,0.664221,-0.846505,0.600291,-0.081979
chr. 19-14,29000000-30280000,A,0.457299,-0.60863,-0.184434,-0.998605
chr. 19-15,30280000-32160000,B,0.481524,0.186969,0.556401,-0.671731
chr. 19-16,32160000-32760000,A,0.339598,0.797989,0.02555,-0.874057
chr. 19-17,32760000-33440000,M,0.317765,0.67545,-0.604988,-1.105943
chr. 19-18,33440000-36920000,B,0.669697,0.893242,-0.475001,-0.062031
chr. 19-19,36920000-39040000,A,0.567018,0.276331,-1.148188,0.574493
chr. 19-20,39040000-40360000,B,0.425792,-0.570168,-0.355424,0.334568
chr. 19-21,40360000-40800000,M,0.344972,-0.582859,-1.142815,-0.030576
chr. 19-22,40800000-42880000,A,0.579854,0.255357,-1.101298,-0.542677
chr. 19-23,42880000-43560000,B,0.329415,0.375814,-0.185396,-0.939595
chr. 19-24,43560000-47960000,A,0.840919,-0.606013,-0.726315,-0.072032
chr. 19-25,47960000-53080000,B,0.723029,0.580696,-0.287308,0.989267
chr. 19-26,53080000-54160000,A,0.451285,-0.697553,0.406344,0.820162
chr. 19-27,54160000-55480000,B,0.436293,-0.037298,0.886393,0.839176
chr. 19-28,55480000-56040000,A,0.329902,-0.23314,1.162175,0.223975
chr. 19-29,56040000-56440000,M,0.391844,0.011646,0.869313,0.121117
chr. 19-30,56440000-57840000,A,0.43645,-0.153403,0.705794,-0.553698
chr. 19-31,57840000-58760000,B,0.378987,0.730233,0.425499,-0.592657
chr. 19-32,58760000-59440000,M,0.351976,0.904044,0.530593,-0.179721
chr. 19-33,59440000-60400000,B,0.339496,1.100017,0.479424,0.342216
chr. 19-34,60400000-60840000,M,0.353564,0.607095,0.633989,0.486615
chr. 19-35,60840000-61360000,A,0.361413,0.236079,0.684186,0.437061
chr. X-1,0-5800000,B,0.461632,0.415325,0.079403,-0.362537
chr. X-2,5800000-8640000,A,0.563678,0.722562,0.065445,0.122582
chr. X-3,8640000-13240000,A,0.682411,0.204206,0.805367,-0.19891
chr. X-4,13240000-15600000,B,0.460736,0.321057,-0.210013,-0.877158
chr. X-5,15600000-16880000,M,0.380803,-0.488757,-0.202666,-0.941376
chr. X-6,16880000-17200000,A,0.297782,-0.81908,-0.10778,-0.635563
chr. X-7,17200000-17920000,M,0.306796,-0.957882,-0.051425,-0.360171
chr. X-8,17920000-18640000,B,0.302014,-0.793922,-0.561329,-0.125102
chr. X-9,18640000-19600000,M,0.316571,-0.387474,-0.815084,-0.010229
chr. X-10,19600000-20960000,A,0.423883,0.181778,-0.687497,-0.591718
chr. X-11,20960000-21840000,M,0.330169,0.697404,-0.482035,-0.115121
chr. X-12,21840000-23360000,B,0.416171,0.458016,-0.575285,0.430299
chr. X-13,23360000-33400000,M,0.386305,-0.051932,-0.023561,0.047151
chr. X-14,33400000-36080000,A,0.562599,-0.314671,0.661608,0.100575
chr. X-15,36080000-39320000,B,0.521061,-0.83852,0.07214,0.330384
chr. X-16,39320000-39920000,A,0.332245,-0.790058,-0.498263,0.875173
chr. X-17,39920000-41080000,M,0.343828,-0.71784,-0.800362,0.307051
chr. X-18,41080000-42760000,B,0.392151,-0.307551,-0.737876,-0.278014
chr. X-19,42760000-45280000,M,0.509445,0.091836,-0.905816,0.381442
chr. X-20,45280000-46000000,A,0.286978,-0.141342,-0.336713,1.217936
chr. X-21,46000000-49800000,A,0.593175,0.484637,-0.012327,0.878564
chr. X-22,49800000-51160000,A,0.476141,-0.206097,0.206115,1.029526
chr. X-23,51160000-53640000,B,0.446673,-0.05417,0.280456,0.183262
chr. X-24,53640000-55800000,A,0.500063,-0.814286,0.476527,0.727517
chr. X-25,55800000-56480000,M,0.335099,-0.946674,-0.295132,0.29827
chr. X-26,56480000-58360000,A,0.447242,-1.028548,0.107035,-0.217265
chr. X-27,58360000-66080000,B,0.795769,-0.243086,0.524393,-0.512115
chr. X-28,66080000-67960000,M,0.47539,0.43199,0.873479,-0.244168
chr. X-29,67960000-72960000,A,0.785553,0.601921,-0.158148,0.079643
chr. X-30,72960000-74640000,B,0.432617,-0.076282,-0.30563,-0.843875
chr. X-31,74640000-75080000,M,0.284647,0.356826,-0.192471,-1.059808
chr. X-32,75080000-79920000,B,0.623895,0.458658,0.539291,-0.470744
chr. X-33,79920000-80520000,M,0.290178,1.151155,0.37699,0.322728
chr. X-34,80520000-81080000,B,0.373405,1.059229,0.091311,0.13771
chr. X-35,81080000-82160000,M,0.376064,1.070049,-0.377174,-0.193337
chr. X-36,82160000-83200000,A,0.392716,0.9027,-0.779078,0.090225
chr. X-37,83200000-84880000,B,0.451704,0.571134,-0.480548,0.79333
chr. X-38,84880000-88360000,B,0.584278,0.078375,0.322895,0.807361
chr. X-39,88360000-90200000,B,0.504632,0.575151,-0.012482,0.36979
chr. X-40,90200000-93520000,A,0.588764,-0.020505,-0.97302,0.209228
chr. X-41,93520000-95840000,B,0.482997,0.603054,-0.542916,-0.548088
chr. X-42,95840000-98640000,A,0.555433,-0.546765,-0.636829,-0.628016
chr. X-43,98640000-102320000,A,0.672392,-0.549032,-0.341146,0.597059
chr. X-44,102320000-102960000,M,0.355804,-0.248199,0.316438,0.935236
chr. X-45,102960000-103400000,A,0.314888,-0.652035,0.461535,0.843737
chr. X-46,103400000-104360000,M,0.401803,-0.021591,0.717061,0.645135
chr. X-47,104360000-108400000,B,0.621389,0.747242,0.190365,0.223496
chr. X-48,108400000-108800000,A,0.344106,0.583215,0.841272,0.035372
chr. X-49,108800000-109520000,B,0.36854,0.140169,0.81495,0.000165
chr. X-50,109520000-110440000,M,0.395534,-0.030078,0.888354,-0.507998
chr. X-51,110440000-111760000,B,0.420419,-0.107731,0.459731,-0.807163
chr. X-52,111760000-119320000,B,0.761602,-0.056447,-0.533143,-0.211425
chr. X-53,119320000-126240000,B,0.619731,-0.430633,0.384275,0.348459
chr. X-54,126240000-128960000,M,0.530124,-0.844462,-0.441099,0.361927
chr. X-55,128960000-130280000,B,0.403105,-0.781884,-0.556003,-0.405533
chr. X-56,130280000-133720000,A,0.581435,-0.760125,0.437072,-0.280111
chr. X-57,133720000-135440000,B,0.443726,-0.511944,0.02168,-0.847619
chr. X-58,135440000-137600000,A,0.484974,-0.190479,0.837507,-0.713831
chr. X-59,137600000-138040000,M,0.2721,0.210295,1.154455,-0.07637
chr. X-60,138040000-139520000,A,0.38455,0.18144,0.869142,0.445476
chr. X-61,139520000-139880000,B,0.330674,-0.332269,0.912265,0.481976
chr. X-62,139880000-140160000,M,0.236483,-0.548712,0.94872,0.581635
chr. X-63,140160000-140800000,A,0.309358,-0.53813,0.753317,0.039052
chr. X-64,140800000-141160000,M,0.281098,-0.911896,0.523801,0.090495
chr. X-65,141160000-142680000,B,0.470093,-0.740411,0.147529,0.406608
chr. X-66,142680000-146920000,M,0.567774,-0.42591,-0.330721,0.220084
chr. X-67,146920000-150480000,A,0.600978,0.64293,0.163397,0.182101
chr. X-68,150480000-153800000,B,0.59602,-0.029783,-0.401926,0.671113
chr. X-69,153800000-154160000,A,0.276596,0.327586,-0.979545,0.284731
chr. X-70,154160000-154480000,M,0.260277,0.572766,-1.016529,0.188537
chr. X-71,154480000-155400000,B,0.338679,0.625417,-0.845342,-0.061872
chr. X-72,155400000-157840000,A,0.499231,-0.278842,-0.738468,-0.571455
chr. X-73,157840000-158280000,M,0.286126,0.309969,-0.835815,-0.802415
chr. X-74,158280000-160920000,A,0.501598,0.451261,-0.188793,-0.968607
chr. X-75,160920000-162600000,B,0.380717,0.927343,-0.159562,0.149075
chr. X-76,162600000-163720000,A,0.360129,1.125077,-0.11981,-0.44118
chr. X-77,163720000-165080000,B,0.376516,0.802587,0.653582,-0.240961
chr. X-78,165080000-165800000,A,0.34693,0.28756,0.784227,-0.473217
chr. X-79,165800000-166680000,B,0.341947,0.16411,0.486229,-0.848143